-- phpMyAdmin SQL Dump
-- version 4.1.5
-- http://www.phpmyadmin.net
--
-- Client :  clustermysql05.hosteur.com
-- Généré le :  Mer 22 Janvier 2014 à 17:21
-- Version du serveur :  5.1.71
-- Version de PHP :  5.3.20

SET SQL_MODE = "NO_AUTO_VALUE_ON_ZERO";
SET time_zone = "+00:00";


/*!40101 SET @OLD_CHARACTER_SET_CLIENT=@@CHARACTER_SET_CLIENT */;
/*!40101 SET @OLD_CHARACTER_SET_RESULTS=@@CHARACTER_SET_RESULTS */;
/*!40101 SET @OLD_COLLATION_CONNECTION=@@COLLATION_CONNECTION */;
/*!40101 SET NAMES utf8 */;

--
-- Base de données :  `ufolep_13volley`
--

-- --------------------------------------------------------

--
-- Structure de la table `archives`
--

CREATE TABLE IF NOT EXISTS `archives` (
  `id_archives` tinyint(2) NOT NULL AUTO_INCREMENT,
  `annee` varchar(4) NOT NULL,
  `type` varchar(10) NOT NULL,
  `titre` varchar(50) NOT NULL,
  `chemin` varchar(50) NOT NULL,
  PRIMARY KEY (`id_archives`)
) ENGINE=InnoDB  DEFAULT CHARSET=latin1 AUTO_INCREMENT=2 ;

--
-- Contenu de la table `archives`
--

INSERT INTO `archives` (`id_archives`, `annee`, `type`, `titre`, `chemin`) VALUES
(1, '2007', 'bilan', 'Bilan de l''année 2006-2007 pour la CSD Volley', 'archives/bilan_2006_2007_CSD_volley.pdf');

-- --------------------------------------------------------

--
-- Structure de la table `classements`
--

CREATE TABLE IF NOT EXISTS `classements` (
  `code_competition` varchar(2) NOT NULL,
  `division` varchar(2) NOT NULL,
  `id_equipe` smallint(3) NOT NULL,
  `points` tinyint(2) NOT NULL,
  `joues` tinyint(2) NOT NULL,
  `gagnes` tinyint(2) NOT NULL,
  `perdus` tinyint(2) NOT NULL,
  `sets_pour` tinyint(2) NOT NULL,
  `sets_contre` tinyint(2) NOT NULL,
  `difference` tinyint(2) NOT NULL,
  `coeff_sets` decimal(5,4) NOT NULL,
  `points_pour` smallint(5) NOT NULL,
  `points_contre` smallint(5) NOT NULL,
  `coeff_points` decimal(5,4) NOT NULL,
  `penalite` tinyint(1) NOT NULL DEFAULT '0'
) ENGINE=InnoDB DEFAULT CHARSET=latin1;

--
-- Contenu de la table `classements`
--

INSERT INTO `classements` (`code_competition`, `division`, `id_equipe`, `points`, `joues`, `gagnes`, `perdus`, `sets_pour`, `sets_contre`, `difference`, `coeff_sets`, `points_pour`, `points_contre`, `coeff_points`, `penalite`) VALUES
('m', '1', 102, 16, 6, 5, 1, 17, 8, 9, '2.1250', 579, 520, '1.1135', 0),
('m', '1', 76, 17, 7, 5, 2, 16, 10, 6, '1.6000', 593, 539, '1.1002', 0),
('m', '1', 8, 9, 7, 1, 6, 8, 19, -11, '0.4211', 560, 644, '0.8696', 0),
('m', '1', 3, 5, 7, 0, 7, 2, 21, -19, '0.0952', 339, 570, '0.5947', 0),
('m', '1', 2, 18, 6, 6, 0, 18, 4, 14, '4.5000', 530, 426, '1.2441', 0),
('m', '1', 75, 17, 7, 5, 2, 17, 12, 5, '1.4167', 643, 543, '1.1842', 0),
('m', '1', 16, 13, 7, 3, 4, 16, 14, 2, '1.1429', 644, 581, '1.1084', 0),
('m', '1', 20, 11, 7, 2, 5, 10, 16, -6, '0.6250', 534, 599, '0.8915', 0),
('m', '2', 37, 11, 7, 2, 5, 11, 18, -7, '0.6111', 634, 639, '0.9922', 0),
('m', '2', 5, 19, 7, 6, 1, 20, 10, 10, '2.0000', 687, 635, '1.0819', 0),
('m', '2', 7, 15, 7, 4, 3, 12, 15, -3, '0.8000', 553, 591, '0.9357', 0),
('m', '2', 19, 11, 7, 2, 5, 13, 17, -4, '0.7647', 636, 664, '0.9578', 0),
('m', '2', 14, 11, 7, 2, 5, 11, 18, -7, '0.6111', 584, 656, '0.8902', 0),
('m', '2', 39, 15, 7, 4, 3, 17, 14, 3, '1.2143', 669, 650, '1.0292', 0),
('m', '2', 1, 17, 7, 5, 2, 17, 10, 7, '1.7000', 633, 568, '1.1144', 0),
('m', '2', 11, 13, 7, 3, 4, 16, 15, 1, '1.0667', 686, 679, '1.0103', 0),
('m', '3', 36, 13, 7, 3, 4, 11, 15, -4, '0.7333', 536, 580, '0.9241', 0),
('m', '3', 45, 9, 7, 1, 6, 6, 18, -12, '0.3333', 508, 579, '0.8774', 0),
('m', '3', 4, 14, 7, 4, 3, 15, 13, 2, '1.1538', 610, 606, '1.0066', 1),
('m', '3', 43, 19, 7, 6, 1, 19, 8, 11, '2.3750', 613, 534, '1.1479', 0),
('m', '3', 21, 11, 7, 2, 5, 9, 16, -7, '0.5625', 534, 574, '0.9303', 0),
('m', '3', 131, 19, 7, 6, 1, 19, 6, 13, '3.1667', 606, 457, '1.3260', 0),
('m', '3', 158, 19, 7, 6, 1, 19, 4, 15, '4.7500', 556, 463, '1.2009', 0),
('m', '3', 132, 6, 7, 0, 7, 3, 21, -18, '0.1429', 409, 579, '0.7064', 0),
('m', '4', 41, 14, 6, 4, 2, 15, 8, 7, '1.8750', 519, 465, '1.1161', 0),
('m', '4', 9, 8, 6, 1, 5, 6, 16, -10, '0.3750', 445, 510, '0.8725', 0),
('m', '4', 77, 12, 6, 3, 3, 12, 10, 2, '1.2000', 498, 474, '1.0506', 0),
('m', '4', 32, 12, 6, 3, 3, 13, 13, 0, '1.0000', 550, 575, '0.9565', 0),
('m', '4', 54, 16, 6, 5, 1, 16, 6, 10, '2.6667', 495, 417, '1.1871', 0),
('m', '4', 30, 8, 6, 1, 5, 4, 17, -13, '0.2353', 393, 500, '0.7860', 0),
('m', '4', 79, 14, 6, 4, 2, 14, 10, 4, '1.4000', 525, 484, '1.0847', 0),
('m', '5', 103, 16, 6, 5, 1, 15, 7, 8, '2.1429', 507, 413, '1.2276', 0),
('m', '5', 80, 11, 7, 2, 5, 10, 15, -5, '0.6667', 519, 547, '0.9488', 0),
('m', '5', 26, 11, 7, 2, 5, 11, 17, -6, '0.6471', 571, 589, '0.9694', 0),
('m', '5', 28, 13, 7, 3, 4, 14, 13, 1, '1.0769', 569, 551, '1.0327', 0),
('m', '5', 101, 12, 6, 3, 3, 11, 11, 0, '1.0000', 471, 481, '0.9792', 0),
('m', '5', 130, 21, 7, 7, 0, 21, 2, 19, '9.9999', 572, 414, '1.3816', 0),
('m', '5', 105, 17, 7, 5, 2, 17, 13, 4, '1.3077', 646, 567, '1.1393', 0),
('m', '5', 164, 7, 7, 0, 7, 0, 21, -21, '0.0000', 232, 525, '0.4419', 0),
('m', '6', 52, 11, 7, 2, 5, 9, 17, -8, '0.5294', 555, 593, '0.9359', 0),
('m', '6', 47, 11, 7, 2, 5, 10, 18, -8, '0.5556', 552, 646, '0.8545', 0),
('m', '6', 78, 21, 7, 7, 0, 21, 2, 19, '9.9999', 570, 409, '1.3936', 0),
('m', '6', 81, 13, 7, 3, 4, 12, 14, -2, '0.8571', 567, 568, '0.9982', 0),
('m', '6', 49, 9, 7, 1, 6, 4, 20, -16, '0.2000', 435, 570, '0.7632', 0),
('m', '6', 33, 11, 7, 2, 5, 9, 16, -7, '0.5625', 500, 579, '0.8636', 0),
('m', '6', 13, 19, 7, 6, 1, 18, 5, 13, '3.6000', 525, 439, '1.1959', 0),
('m', '6', 134, 16, 7, 5, 2, 18, 9, 9, '2.0000', 621, 521, '1.1919', 0),
('f', '1', 128, 19, 7, 6, 1, 19, 7, 12, '2.7143', 623, 446, '1.3969', 0),
('f', '1', 135, 16, 8, 4, 4, 13, 16, -3, '0.8125', 589, 610, '0.9656', 0),
('f', '1', 108, 19, 7, 6, 1, 20, 4, 16, '5.0000', 564, 393, '1.4351', 0),
('f', '1', 59, 12, 8, 2, 6, 11, 19, -8, '0.5789', 565, 679, '0.8321', 0),
('f', '1', 63, 18, 8, 5, 3, 18, 9, 9, '2.0000', 625, 516, '1.2112', 0),
('f', '1', 66, 14, 8, 3, 5, 10, 18, -8, '0.5556', 558, 633, '0.8815', 0),
('f', '1', 70, 24, 8, 8, 0, 24, 6, 18, '4.0000', 708, 505, '1.4020', 0),
('f', '1', 129, 10, 8, 1, 7, 8, 21, -13, '0.3810', 518, 649, '0.7982', 0),
('f', '1', 82, 6, 8, 0, 8, 1, 24, -23, '0.0417', 304, 623, '0.4880', 0),
('f', '2', 60, 13, 7, 3, 4, 10, 12, -2, '0.8333', 436, 426, '1.0235', 0),
('f', '2', 67, 14, 8, 3, 5, 10, 19, -9, '0.5263', 548, 656, '0.8354', 0),
('f', '2', 61, 12, 8, 2, 6, 6, 20, -14, '0.3000', 399, 608, '0.6563', 0),
('f', '2', 136, 17, 7, 5, 2, 17, 7, 10, '2.4286', 560, 434, '1.2903', 0),
('f', '2', 163, 22, 8, 7, 1, 21, 3, 18, '7.0000', 576, 385, '1.4961', 0),
('f', '2', 162, 21, 7, 7, 0, 21, 1, 20, '9.9999', 550, 331, '1.6616', 0),
('f', '2', 157, 6, 7, 0, 7, 5, 21, -16, '0.2381', 422, 593, '0.7116', 0),
('f', '2', 72, 17, 7, 5, 2, 16, 11, 5, '1.4545', 593, 554, '1.0704', 0),
('f', '2', 106, 9, 7, 1, 6, 6, 18, -12, '0.3333', 447, 544, '0.8217', 0),
('m', '7', 22, 13, 7, 3, 4, 14, 13, 1, '1.0769', 558, 561, '0.9947', 0),
('m', '7', 50, 7, 7, 0, 7, 4, 21, -17, '0.1905', 468, 597, '0.7839', 0),
('m', '7', 133, 17, 7, 5, 2, 16, 9, 7, '1.7778', 556, 520, '1.0692', 0),
('m', '7', 24, 13, 7, 3, 4, 12, 13, -1, '0.9231', 540, 533, '1.0131', 0),
('m', '7', 55, 15, 7, 4, 3, 12, 12, 0, '1.0000', 509, 551, '0.9238', 0),
('m', '7', 156, 9, 7, 1, 6, 6, 20, -14, '0.3000', 488, 601, '0.8120', 0),
('m', '7', 34, 17, 7, 5, 2, 16, 10, 6, '1.6000', 591, 506, '1.1680', 0),
('m', '7', 159, 21, 7, 7, 0, 21, 3, 18, '7.0000', 577, 418, '1.3804', 0),
('kh', '1', 165, 0, 0, 0, 0, 0, 0, 0, '0.0000', 0, 0, '0.0000', 0),
('kh', '1', 166, 0, 0, 0, 0, 0, 0, 0, '0.0000', 0, 0, '0.0000', 0),
('kh', '1', 167, 0, 0, 0, 0, 0, 0, 0, '0.0000', 0, 0, '0.0000', 0),
('kh', '1', 168, 0, 0, 0, 0, 0, 0, 0, '0.0000', 0, 0, '0.0000', 0),
('kh', '1', 169, 0, 0, 0, 0, 0, 0, 0, '0.0000', 0, 0, '0.0000', 0),
('kh', '1', 170, 0, 0, 0, 0, 0, 0, 0, '0.0000', 0, 0, '0.0000', 0),
('kh', '2', 171, 0, 0, 0, 0, 0, 0, 0, '0.0000', 0, 0, '0.0000', 0),
('kh', '2', 172, 0, 0, 0, 0, 0, 0, 0, '0.0000', 0, 0, '0.0000', 0),
('kh', '2', 173, 0, 0, 0, 0, 0, 0, 0, '0.0000', 0, 0, '0.0000', 0),
('kh', '2', 174, 0, 0, 0, 0, 0, 0, 0, '0.0000', 0, 0, '0.0000', 0),
('kh', '2', 175, 0, 0, 0, 0, 0, 0, 0, '0.0000', 0, 0, '0.0000', 0),
('kh', '3', 176, 0, 0, 0, 0, 0, 0, 0, '0.0000', 0, 0, '0.0000', 0),
('kh', '3', 177, 0, 0, 0, 0, 0, 0, 0, '0.0000', 0, 0, '0.0000', 0),
('kh', '3', 178, 0, 0, 0, 0, 0, 0, 0, '0.0000', 0, 0, '0.0000', 0),
('kh', '3', 179, 0, 0, 0, 0, 0, 0, 0, '0.0000', 0, 0, '0.0000', 0),
('kh', '3', 180, 0, 0, 0, 0, 0, 0, 0, '0.0000', 0, 0, '0.0000', 0),
('kh', '4', 181, 0, 0, 0, 0, 0, 0, 0, '0.0000', 0, 0, '0.0000', 0),
('kh', '4', 182, 0, 0, 0, 0, 0, 0, 0, '0.0000', 0, 0, '0.0000', 0),
('kh', '4', 183, 0, 0, 0, 0, 0, 0, 0, '0.0000', 0, 0, '0.0000', 0),
('kh', '4', 184, 0, 0, 0, 0, 0, 0, 0, '0.0000', 0, 0, '0.0000', 0),
('kh', '4', 185, 0, 0, 0, 0, 0, 0, 0, '0.0000', 0, 0, '0.0000', 0),
('kh', '5', 186, 0, 0, 0, 0, 0, 0, 0, '0.0000', 0, 0, '0.0000', 0),
('kh', '5', 187, 0, 0, 0, 0, 0, 0, 0, '0.0000', 0, 0, '0.0000', 0),
('kh', '5', 188, 0, 0, 0, 0, 0, 0, 0, '0.0000', 0, 0, '0.0000', 0),
('kh', '5', 189, 0, 0, 0, 0, 0, 0, 0, '0.0000', 0, 0, '0.0000', 0),
('kh', '5', 190, 0, 0, 0, 0, 0, 0, 0, '0.0000', 0, 0, '0.0000', 0),
('kh', '6', 191, 0, 0, 0, 0, 0, 0, 0, '0.0000', 0, 0, '0.0000', 0),
('kh', '6', 192, 0, 0, 0, 0, 0, 0, 0, '0.0000', 0, 0, '0.0000', 0),
('kh', '6', 193, 0, 0, 0, 0, 0, 0, 0, '0.0000', 0, 0, '0.0000', 0),
('kh', '6', 194, 0, 0, 0, 0, 0, 0, 0, '0.0000', 0, 0, '0.0000', 0),
('kh', '6', 195, 0, 0, 0, 0, 0, 0, 0, '0.0000', 0, 0, '0.0000', 0),
('kh', '6', 196, 0, 0, 0, 0, 0, 0, 0, '0.0000', 0, 0, '0.0000', 0),
('c', '1', 20, 0, 0, 0, 0, 0, 0, 0, '0.0000', 0, 0, '0.0000', 0),
('c', '1', 131, 0, 0, 0, 0, 0, 0, 0, '0.0000', 0, 0, '0.0000', 0),
('c', '1', 54, 0, 0, 0, 0, 0, 0, 0, '0.0000', 0, 0, '0.0000', 0),
('c', '1', 2, 0, 0, 0, 0, 0, 0, 0, '0.0000', 0, 0, '0.0000', 0),
('c', '1', 14, 0, 0, 0, 0, 0, 0, 0, '0.0000', 0, 0, '0.0000', 0),
('c', '2', 39, 0, 0, 0, 0, 0, 0, 0, '0.0000', 0, 0, '0.0000', 0),
('c', '2', 5, 0, 0, 0, 0, 0, 0, 0, '0.0000', 0, 0, '0.0000', 0),
('c', '2', 75, 0, 0, 0, 0, 0, 0, 0, '0.0000', 0, 0, '0.0000', 0),
('c', '2', 41, 0, 0, 0, 0, 0, 0, 0, '0.0000', 0, 0, '0.0000', 0),
('c', '2', 36, 0, 0, 0, 0, 0, 0, 0, '0.0000', 0, 0, '0.0000', 0),
('c', '3', 4, 0, 0, 0, 0, 0, 0, 0, '0.0000', 0, 0, '0.0000', 0),
('c', '3', 102, 0, 0, 0, 0, 0, 0, 0, '0.0000', 0, 0, '0.0000', 0),
('c', '3', 1, 0, 0, 0, 0, 0, 0, 0, '0.0000', 0, 0, '0.0000', 0),
('c', '3', 21, 0, 0, 0, 0, 0, 0, 0, '0.0000', 0, 0, '0.0000', 0),
('c', '3', 11, 0, 0, 0, 0, 0, 0, 0, '0.0000', 0, 0, '0.0000', 0),
('c', '3', 7, 0, 0, 0, 0, 0, 0, 0, '0.0000', 0, 0, '0.0000', 0),
('c', '4', 16, 0, 0, 0, 0, 0, 0, 0, '0.0000', 0, 0, '0.0000', 0),
('c', '4', 37, 0, 0, 0, 0, 0, 0, 0, '0.0000', 0, 0, '0.0000', 0),
('c', '4', 158, 0, 0, 0, 0, 0, 0, 0, '0.0000', 0, 0, '0.0000', 0),
('c', '4', 76, 0, 0, 0, 0, 0, 0, 0, '0.0000', 0, 0, '0.0000', 0),
('c', '4', 19, 0, 0, 0, 0, 0, 0, 0, '0.0000', 0, 0, '0.0000', 0),
('c', '5', 33, 0, 0, 0, 0, 0, 0, 0, '0.0000', 0, 0, '0.0000', 0),
('c', '5', 81, 0, 0, 0, 0, 0, 0, 0, '0.0000', 0, 0, '0.0000', 0),
('c', '5', 28, 0, 0, 0, 0, 0, 0, 0, '0.0000', 0, 0, '0.0000', 0),
('c', '5', 103, 0, 0, 0, 0, 0, 0, 0, '0.0000', 0, 0, '0.0000', 0),
('c', '5', 50, 0, 0, 0, 0, 0, 0, 0, '0.0000', 0, 0, '0.0000', 0),
('c', '5', 78, 0, 0, 0, 0, 0, 0, 0, '0.0000', 0, 0, '0.0000', 0),
('c', '6', 105, 0, 0, 0, 0, 0, 0, 0, '0.0000', 0, 0, '0.0000', 0),
('c', '6', 80, 0, 0, 0, 0, 0, 0, 0, '0.0000', 0, 0, '0.0000', 0),
('c', '6', 13, 0, 0, 0, 0, 0, 0, 0, '0.0000', 0, 0, '0.0000', 0),
('c', '6', 159, 0, 0, 0, 0, 0, 0, 0, '0.0000', 0, 0, '0.0000', 0),
('c', '6', 55, 0, 0, 0, 0, 0, 0, 0, '0.0000', 0, 0, '0.0000', 0),
('c', '7', 47, 0, 0, 0, 0, 0, 0, 0, '0.0000', 0, 0, '0.0000', 0),
('c', '7', 30, 0, 0, 0, 0, 0, 0, 0, '0.0000', 0, 0, '0.0000', 0),
('c', '7', 52, 0, 0, 0, 0, 0, 0, 0, '0.0000', 0, 0, '0.0000', 0),
('c', '7', 24, 0, 0, 0, 0, 0, 0, 0, '0.0000', 0, 0, '0.0000', 0),
('c', '7', 9, 0, 0, 0, 0, 0, 0, 0, '0.0000', 0, 0, '0.0000', 0),
('c', '8', 26, 0, 0, 0, 0, 0, 0, 0, '0.0000', 0, 0, '0.0000', 0),
('c', '8', 79, 0, 0, 0, 0, 0, 0, 0, '0.0000', 0, 0, '0.0000', 0),
('c', '8', 133, 0, 0, 0, 0, 0, 0, 0, '0.0000', 0, 0, '0.0000', 0),
('c', '8', 45, 0, 0, 0, 0, 0, 0, 0, '0.0000', 0, 0, '0.0000', 0),
('c', '8', 130, 0, 0, 0, 0, 0, 0, 0, '0.0000', 0, 0, '0.0000', 0),
('c', '9', 34, 0, 0, 0, 0, 0, 0, 0, '0.0000', 0, 0, '0.0000', 0),
('c', '9', 101, 0, 0, 0, 0, 0, 0, 0, '0.0000', 0, 0, '0.0000', 0),
('c', '9', 134, 0, 0, 0, 0, 0, 0, 0, '0.0000', 0, 0, '0.0000', 0),
('c', '9', 57, 0, 0, 0, 0, 0, 0, 0, '0.0000', 0, 0, '0.0000', 0),
('c', '9', 32, 0, 0, 0, 0, 0, 0, 0, '0.0000', 0, 0, '0.0000', 0);

-- --------------------------------------------------------

--
-- Structure de la table `commission`
--

CREATE TABLE IF NOT EXISTS `commission` (
  `id_commission` tinyint(2) NOT NULL AUTO_INCREMENT,
  `nom` varchar(20) NOT NULL,
  `prenom` varchar(20) NOT NULL,
  `fonction` varchar(80) NOT NULL,
  `telephone1` varchar(15) NOT NULL,
  `telephone2` varchar(15) NOT NULL,
  `email` varchar(50) NOT NULL,
  `photo` varchar(50) NOT NULL,
  `type` varchar(20) DEFAULT NULL,
  PRIMARY KEY (`id_commission`)
) ENGINE=MyISAM  DEFAULT CHARSET=latin1 AUTO_INCREMENT=17 ;

--
-- Contenu de la table `commission`
--

INSERT INTO `commission` (`id_commission`, `nom`, `prenom`, `fonction`, `telephone1`, `telephone2`, `email`, `photo`, `type`) VALUES
(3, 'GORLIER', 'Laurent', 'Responsable Coordinateur', '-', '06 03 05 97 70', 'laurent.gorlier@ufolep13volley.org', 'images/port.lgorlier.jpg', 'membre'),
(4, 'JOLLOIS', 'Christian', 'Responsable Logistique et Coupe du Faire-Play', '04.90.57.98.48', '06.03.93.14.64', 'c-m.jollois@club-internet.fr', 'images/port.inconnu.jpg', 'membre'),
(5, 'BERNARD', 'Jean-Marc', 'Gestionnaire du site Internet', '04.90.58.54.35', '06.27.24.53.71', 'jmbernard@ufolep13volley.org', 'images/port.jmbernard.JPG', 'membre'),
(6, 'GORLIER', 'Magali', 'Responsable Compétitions Féminines', '', '06 26 42 22 30', 'magaligorlier@gmail.com', 'images/photos/ctsd/GorlierMagalie.jpg', 'membre'),
(7, 'PETIPAS', 'Denis', 'Responsable Compétitions Masculines (Mixtes)', '', '', 'denis.petipas@ufolep13volley.org', 'images/photos/ctsd/PETIPASDenisSite.jpg', 'membre'),
(16, 'ALLEMAND', 'Benjamin', 'Webmaster site www.ufolep13volley.org', ' ', '', 'benallemand@gmail.com', 'images/photos/ctsd/ALLEMANDBenjamin.jpg', 'support'),
(15, 'PERDOMO', 'Philip', 'Création des fiches équipes', ' ', '', 'philip.perdomo@ufolep13volley.org', 'images/photos/ctsd/PerdomoPhilip.jpg', 'support'),
(14, 'FAGUET', 'Sylvain', 'Contrôle des feuilles de matchs', ' ', '', 'sylvain.faguet@ufolep13volley.org', 'images/photos/ctsd/FAGUETSylvainSite.jpg', 'support'),
(13, 'DEPOMMIER', 'Guillaume', 'Contrôle des feuilles de matchs', ' ', '', 'guillaume.depommier@ufolep13volley.org', 'images/photos/ctsd/DepommierGuillaume.jpg', 'support'),
(12, 'BODEA', 'Simona', 'Contrôle des feuilles de matchs', ' ', '', 'simona.bodea@ufolep13volley.org', 'images/photos/ctsd/BodeaSimona.jpg', 'support');

-- --------------------------------------------------------

--
-- Structure de la table `competitions`
--

CREATE TABLE IF NOT EXISTS `competitions` (
  `id` smallint(2) NOT NULL AUTO_INCREMENT,
  `code_competition` varchar(2) NOT NULL,
  `libelle` varchar(50) NOT NULL,
  `id_compet_maitre` varchar(2) NOT NULL,
  PRIMARY KEY (`id`)
) ENGINE=MyISAM  DEFAULT CHARSET=latin1 AUTO_INCREMENT=11 ;

--
-- Contenu de la table `competitions`
--

INSERT INTO `competitions` (`id`, `code_competition`, `libelle`, `id_compet_maitre`) VALUES
(1, 'f', 'Championnat Féminin', 'f'),
(2, 'm', 'Championnat Masculin', 'm'),
(3, 'c', 'Coupe Isoardi', 'm'),
(4, 't', 'Tournois Féminins', 'f'),
(5, 'cf', 'Coupe Isoardi - Phase finale', 'm'),
(6, 'ff', 'Championnat Féminin - Phases finales', 'f'),
(7, 'kh', 'Coupe Koury Hanna', 'kh'),
(8, 'kf', 'Coupe Koury Hanna - Phase Finale', 'kh'),
(9, 'pf', 'Championnat Masculin - Phases Finales', 'm');

-- --------------------------------------------------------

--
-- Structure de la table `comptes_acces`
--

CREATE TABLE IF NOT EXISTS `comptes_acces` (
  `id_equipe` int(11) NOT NULL,
  `login` varchar(15) NOT NULL,
  `password` varchar(15) NOT NULL,
  `id` int(10) unsigned NOT NULL AUTO_INCREMENT,
  PRIMARY KEY (`id`)
) ENGINE=InnoDB  DEFAULT CHARSET=latin1 AUTO_INCREMENT=178 ;

--
-- Contenu de la table `comptes_acces`
--

INSERT INTO `comptes_acces` (`id_equipe`, `login`, `password`, `id`) VALUES
(1, 'fuveau1', '171058', 1),
(2, 'marseilleest1', 'simeone', 2),
(3, 'eyguieres1', 'lolo', 3),
(4, 'eguilles1', 'jpeodu', 4),
(5, 'aspttaix1', 'coandco', 5),
(6, 'marseilleest3', 'arthur', 6),
(7, 'aspttaix2', 'BwIu1ç', 7),
(8, 'eurocopter1', 'steph@ne', 8),
(9, 'ventabren1', 'bernard', 9),
(11, 'grans1', 'mazoute51', 10),
(12, 'escmarseille1', 'm@g@li', 11),
(13, 'meyrargues', 'YhFp0à', 12),
(14, 'ensueskoala1', 'EyJj3-', 13),
(15, 'sfpaubagne', 'sfpsfp', 14),
(16, 'roquevaire1', 'pimpampoum', 15),
(17, 'labedoule', 'AjJz9ç', 16),
(19, 'aubagnevb', 'ericfvb', 17),
(20, 'velaux1', 'a330103', 18),
(21, 'greasque', 'fernandezmaurel', 19),
(22, 'gardanne', 'ludovic', 20),
(23, 'snefmarseille', 'assnef13', 21),
(24, 'marseilleest2', 'marseille', 22),
(25, 'ventabren3', 'v3albert', 23),
(26, 'aspttaix3', 'MqDz6²', 24),
(27, 'ventabren2', 'aoua', 25),
(28, 'eguilles2', 'perchlo', 26),
(29, 'ascete', 'ReFa1&', 27),
(30, 'rognac', 'rognac', 28),
(31, 'marseilleest4', 'PjDy9#', 29),
(32, 'fuveau2', 'verovero', 30),
(33, 'grans2', 'pepette', 31),
(34, 'roquevaire2', 'roquevaire2', 32),
(35, 'eguilles3', 'PsTc9@', 33),
(36, 'ascperier1', 'RuDu0@', 34),
(37, 'aixaero1', 'ballon', 35),
(38, 'cupvb', 'NbDf2-', 36),
(39, 'ensueskoala2', 'NhBw7²', 37),
(40, 'stzacharievb', 'stzach', 38),
(41, 'escmarseille2', 'm@g@li', 39),
(42, 'aspttaix4', 'LvVy1_', 40),
(43, 'eurocopter2', 'leomaud', 41),
(44, 'eyguieres2', 'eyguieres2', 42),
(45, 'boucbelair', 'boucbelair', 43),
(46, 'fuveau3', 'B@ronsInc73', 44),
(47, 'ascperier2', 'periercitrongo', 45),
(48, 'eyguieres3', 'eyguieres3', 46),
(49, 'chateauneuf', '@rob@se', 47),
(50, 'ecsmarseille3', 'ecsm3', 48),
(51, 'velauxcovf2', 'velauxcovf2', 49),
(52, 'aixaero2', 'ballon', 50),
(54, 'mvb1', 'mvb1', 51),
(55, 'mvb2', 'invisible', 52),
(57, 'toulonhosp', 'Hospit@l', 53),
(59, 'rognacf', 'rognacf', 54),
(60, 'marseilleest2f', 'KzXg0#', 55),
(61, 'ecsm2', 'ecsm2', 56),
(62, 'marseilleest1f', 'marseille', 57),
(63, 'gardannef', 'celine', 58),
(64, 'fuveauf', 'changeme', 59),
(65, 'gransf', 'RuCs9&', 60),
(66, 'eurocopterf', 'dde5`f', 61),
(67, 'mvolley1', 'voll1y', 62),
(68, 'stzacharief', 'KwSd7°', 63),
(69, 'fuveau2f', 'fuveau2f', 64),
(70, 'ecsm1', 'ecsm1', 65),
(71, 'carnoux', 'carnoux', 66),
(72, 'gardanne2', 'pascale', 67),
(73, 'mvolley2', 'mvolley2', 68),
(74, 'mvolley3', 'mvolley3', 69),
(75, 'pelissanne', 'd3n15', 70),
(76, 'entressen', '3ntr3ss3n', 71),
(77, 'eurocopter3', 'eur0c0p3', 72),
(78, 'mvb3', 'mvb3', 73),
(79, 'salon', 'th0ma5', 74),
(80, 'stcannat', 'stcannat', 75),
(81, 'ensueskoalas3', 'ensukoa3', 76),
(82, 'periermenthe', 'ascpm', 77),
(83, 'ventabrenf', 'v3ntabr3n', 78),
(84, 'ensuesf', '3nsu3s', 79),
(85, 'ecsm3', 'ecsm3', 80),
(98, 'bba2', 'BoucBel@ir2', 81),
(101, 'aubagnevb2', 'aubvb2', 84),
(102, 'cbvb1', 'cotblevb1', 85),
(103, 'cbvb2', 'cotblevb2', 86),
(104, 'stzacvb2', 'stz@cvb2', 87),
(105, 'amis', '@mi5', 88),
(106, 'gardanne3', 'g@rd@3', 89),
(108, 'pelissannef', 'peliss@nne', 90),
(109, 'eyguieres', 'eygfem', 91),
(128, 'koalettes1', 'ufolep', 110),
(129, 'koalettes2', 'ufolep', 111),
(130, 'trets', 'ufolep', 112),
(131, 'peliss2', 'pelivb2', 113),
(132, 'stmartin', 'smdcvb', 114),
(133, 'mallemort', 'vbmallemort', 115),
(134, 'stzachvb', 'vbsaintzac', 116),
(135, 'aspttaixf', 'vbaspttaix', 117),
(136, 'vbfosf', 'fosurmer', 118),
(155, 'marsest3', 'marsest3', 137),
(156, 'trets2', 'trets2', 138),
(157, 'tretsf', 'tretsf', 139),
(158, 'massaliam', 'massaliam', 140),
(159, 'meyrargues2m', 'meyrargues2m', 141),
(162, 'istresf', 'istresf', 142),
(163, 'massaliaf', 'massaliaf', 143),
(164, 'stmartin2m', 'stmartin2m', 144),
(999, 'ufoladmin', '@dmin&13', 145),
(165, 'AIXPERTS', 'AIXPERTS', 146),
(166, 'MARSVB', 'MARSVB', 147),
(167, 'AMISSILIA', 'AMISSILIA', 148),
(168, 'LESBOGOSSES', 'LESBOGOSSES', 149),
(169, 'TRETS', 'TRETS', 150),
(170, 'MASSALIA', 'MASSALIA', 151),
(171, 'PELISSANNE1', 'PELISSANNE1', 152),
(172, 'LESSWAGPANTHERE', 'LESSWAGPANTHERE', 153),
(173, 'APERO', 'APERO', 154),
(174, 'AIXCROCS', 'AIXCROCS', 155),
(175, 'GRAVITYBALL', 'GRAVITYBALL', 156),
(176, 'LESFLAMBEURS', 'LESFLAMBEURS', 157),
(177, 'PERRIERMENTHECI', 'PERRIERMENTHECI', 158),
(178, 'KURLY', 'KURLY', 159),
(179, 'LESBOULETS', 'LESBOULETS', 160),
(180, 'IBUPROVOLTARENE', 'IBUPROVOLTARENE', 161),
(181, 'WASABI', 'WASABI', 162),
(182, 'TATAWINE', 'TATAWINE', 163),
(183, 'KSOCIAUX', 'KSOCIAUX', 164),
(184, 'PERRIERSOFRESH', 'PERRIERSOFRESH', 165),
(185, 'TATOUMI', 'TATOUMI', 166),
(186, 'LESOUTSIDERS', 'LESOUTSIDERS', 167),
(187, 'MOJITOS', 'MOJITOS', 168),
(188, 'LESZOULOUS', 'LESZOULOUS', 169),
(189, 'PELISSANNE2', 'PELISSANNE2', 170),
(190, 'KILUCRU', 'KILUCRU', 171),
(191, 'ALEST', 'ALEST', 172),
(192, 'CORROMPUS', 'CORROMPUS', 173),
(193, 'KWADRATURE', 'KWADRATURE', 174),
(194, 'LES7FANTASTIQUE', 'LES7FANTASTIQUE', 175),
(195, 'STMARTIN', 'STMARTIN', 176),
(196, 'AMISKASA', 'AMISKASA', 177);

-- --------------------------------------------------------

--
-- Structure de la table `dates_limite`
--

CREATE TABLE IF NOT EXISTS `dates_limite` (
  `id_date` tinyint(2) NOT NULL AUTO_INCREMENT,
  `code_competition` varchar(2) NOT NULL,
  `division` varchar(2) NOT NULL,
  `date_limite` varchar(40) NOT NULL,
  PRIMARY KEY (`id_date`)
) ENGINE=MyISAM  DEFAULT CHARSET=latin1 AUTO_INCREMENT=5 ;

--
-- Contenu de la table `dates_limite`
--

INSERT INTO `dates_limite` (`id_date`, `code_competition`, `division`, `date_limite`) VALUES
(1, 'cf', '1', '18 Mai 2012'),
(2, 'm', '1', '17 Janvier 2014'),
(3, 'kh', '1', '22 Mars 2013'),
(4, 'f', '1', '24 Janvier 2014');

-- --------------------------------------------------------

--
-- Structure de la table `details_equipes`
--

CREATE TABLE IF NOT EXISTS `details_equipes` (
  `id_equipe` int(11) NOT NULL,
  `responsable` varchar(50) NOT NULL,
  `telephone_1` varchar(14) NOT NULL,
  `telephone_2` varchar(14) NOT NULL,
  `email` varchar(50) NOT NULL,
  `gymnase` varchar(50) NOT NULL,
  `localisation` varchar(200) NOT NULL,
  `jour_reception` varchar(10) NOT NULL,
  `heure_reception` varchar(5) NOT NULL,
  `site_web` varchar(50) NOT NULL,
  `photo` varchar(200) NOT NULL,
  `fdm` varchar(50) NOT NULL,
  `id` int(10) unsigned NOT NULL AUTO_INCREMENT,
  PRIMARY KEY (`id`)
) ENGINE=InnoDB  DEFAULT CHARSET=latin1 AUTO_INCREMENT=180 ;

--
-- Contenu de la table `details_equipes`
--

INSERT INTO `details_equipes` (`id_equipe`, `responsable`, `telephone_1`, `telephone_2`, `email`, `gymnase`, `localisation`, `jour_reception`, `heure_reception`, `site_web`, `photo`, `fdm`, `id`) VALUES
(1, 'Jean-Marc Suarnet', '', '06.80.06.82.11', 'jeanmarc.suarnet@freesbee.fr', 'Cosec Collège Font d Aurumy', '43.446945,5.559704', 'Mardi', '20h30', '', '', 'Fuveau1.pdf', 1),
(2, 'Eric PASCALIN', '', '06 15 87 83 50', 'eric.pascalin@cpam-marseille.cnamts.fr', 'Beaumont Bombardiere', '213 rue Charles Kaddouz.13012 Marseille', 'Mercredi', '19h45', 'http://www.vcme.fr', '', 'VcMarseilleEst1.pdf', 2),
(3, 'Stéphane D''ORIO', '06 87 02 66 26', '', 'stefdorio@hotmail.com', 'Mas du Barreau, Eyguières ', '', 'Jeudi', '20h30', '', '', 'Eyguieres.pdf', 3),
(4, 'Fabrice RAUX', '', '06 62 11 23 48', 'fabrice.raux@groupeatsi.com', 'Salle Omnisport, Eguilles', '43.573194,5.345546', 'Lundi', '20h15', '', '', 'Eguilles1.pdf', 4),
(5, 'Grégory ALLOUCHE', '', '06.68.56.30.11', 'g_allouche@yahoo.fr', 'Hall des sports Carcassonne', '43.5212193, 5.4638912', 'Mardi ', '20h00', '', '', 'AspttAix1.pdf', 5),
(7, 'Patrick FIEVET', '06 10 29 22 98', '', 'patrickflash@hotmail.fr', 'Hall des sports Carcassonne, Aix en Provence', '43.5212193, 5.4638912', 'Mardi', '20h', '', '', 'AspttAix2.pdf', 6),
(8, 'Sébastien Trovatello', '06 79 82 40 81', '', 'sebastien.trovatello@eurocopter.com', 'Complexe Sportif Eurocopter, A', '43.410496,5.242646', 'Jeudi', '20h', '', '', 'Eurocopter1.pdf', 7),
(9, 'Vincent Garnier', '06 14 32 36 04', '', 'vincent.garnier@univ-amu.fr', 'Salle Reine Jeanne, Ventabren', '43.536408,5.293586', 'Vendredi', '20h15', '', '', 'Ventabren.pdf', 8),
(11, 'Sébastien CERDA', '06-14-39-69-39', '', 'mazoute51@wanadoo.fr', 'Salle Omnisport Paul Sias, Grans', '43.608146,5.067723', 'vendredi', '20h40', '', '', 'GransAil1.pdf', 9),
(12, 'Laurent GORLIER', '06 03 05 97 70', '', 'laurent.gorlier@gmail.com', 'Croix Rouge, 30 av de Fournacle, 13013 Marseille', '43.3309586, 5.4574862', 'Lun ou Mer', '19h45', 'http://ecsmvb.web.free.fr', '', 'Ecsmarseille1.pdf', 10),
(13, 'Philippe RESICATO', '04.42.57.51.39', '06.22.03.42.32', 'resicatophilippe@wanadoo.fr', 'Gymnase Municipal', '43.633373,5.523119', 'jeudi', '20h', '', '', 'Meyrargues.pdf', 11),
(14, 'Florian Martin', '06 26 56 72 24', '', 'flomartin13@yahoo.fr', 'Adrien Ricaud, Ensuès la Redonne', '43.35646,5.191609', 'Mercredi', '20H30', 'http://koala.ensues.', '', 'EnsuesKoala1.pdf', 12),
(15, 'Jérémi GIL-BELCHIL', '04.42.03.70.50', '06.14.23.50.77', 'jems.gyls@hotmail.fr', 'Gymnase Forbin, Av St Marcel - Marseille', '', '', '', '', '', '', 13),
(16, 'Thomas BAILET', '0661812286', '', 'thomas.bailet@laposte.net', 'Raymond Escavi, Roquevaire', '43.348061,5.603167', 'Mercredi', '20h00', 'http://vbr13.free.fr', '', 'Roquevaire1.pdf', 14),
(17, 'Paul Massiani', '04 42 73 28 33', '', 'paul.massiani@free.fr', 'Marius Aimonetto, La Bédoule', '43.248274,5.586001', 'Mercredi', '20h00', '', '', '', 15),
(19, 'Eric FOULHAC et Olivier GRIFFATON', '0686441453 (ef', '0679609240 (og', 'olivier.griffaton@restekfrance.fr', 'Gymnase Mouren, Aubagne', '43.286437,5.583512', 'lundi', '19h45', 'www.aubagnevolley.com', '', 'AubagneVb1.pdf', 16),
(20, 'Philippe MILLANCOURT', '06.61.42.95.90', '', 'Millancourt.philippe@free.fr', 'Albert Camus, Avenue Jules Andraud, 13380 Velaux', '43.525036,5.259393', 'Lundi', '20h30', 'http://covf.volleyball.free.fr', '', 'Velaux1.pdf', 17),
(21, 'Stéphane GRECK', '06 11 15 26 49', '04 42 58 89 10', 'stephane.greck@gmail.com', 'Maurice Amalbert, Gréasque', '43.432630,5.542029', 'Mardi', '20h30', '', '', 'Greasque.pdf', 18),
(22, 'Pedro FERMIANA VITORINO', '', '06 78 78 19 10', 'pedro.fv@free.fr', 'Fontvenelle, Gardanne', '43.459235,5.460758', 'Jeudi', '20h00', 'http://www.cles-gardanne.fr/sport.php?sp=Volleybal', '', 'Gardanne.pdf', 19),
(23, 'Sébastien Gherrat', '', '', 'sebastien.gherrat@snef.fr', 'Gymnase Santi, Marseille', '', 'Lundi', '19h', '', '', '', 20),
(24, 'Nicolas VERLAQUE', '06 87 54 60 70', '', 'nicolasverlaque@yahoo.fr', 'Gymnase du Ruissatel', '30 chemin des Accates 13011 Marseille', 'vendredi', '19h30', 'www.vcme.fr', '', 'VcMarseilleEst2.pdf', 21),
(25, 'Albert PEYRON', '04.90.56.52.05', '06.61.10.35.04', 'albert.peyron@free.fr', 'Salle Reine Jeanne, Ventabren', '43.536408,5.293586', 'Vendredi', '20h30', '', '', '', 22),
(26, 'Marc JAKUBOWSKI', '', '06 16 19 04 68', 'markussjak@gmail.com', 'Hall des sports Carcassonne, Aix en Provence', '43.522651, 5.463069', 'Mardi Merc', '20h', '', 'aspttaxi3.jpg', 'AspttAix3.pdf', 23),
(27, 'Marine ANDRÉ', '04.42.28.83.69', '07.77.08.12.33', 'volley.ventabren@gmail.com', 'Salle Reine Jeanne, Ventabren', '43.536408,5.293586', 'Vendredi', '20h30', '', '', 'Ventabren2.pdf', 24),
(28, 'Philippe TORCOL', '04.42.21.52.05', '06.77.74.50.68', 'philippe.torcol@cegetel.net', 'Salle Omnisport, Eguilles', '43.573194,5.345546', 'Lundi', '20h15', '', '', 'Eguilles2.pdf', 25),
(29, 'Romain BOUZIGE', '04.91.65.78.95', '06.24.83.03.47', 'romain.bouzige@wanadoo.fr', 'Pas de gymnase', '', '', '', '', '', '', 26),
(30, 'Olivier MEYER', '', '06.76.30.95.59', 'meyer-olivier@hotmail.fr', 'Sylvestre GRUZZA, Rognac', '43.482804,5.234653', 'mercredi', '20h15', '', '', 'Rognac.pdf', 27),
(31, 'Christian NAVARRO', '08.71.72.15.18', '06.30.93.17.35', 'cnavarro@free.fr', 'La Valentine, Marseille', '', '', '', '', '', '', 28),
(32, 'Emmanuel BREGLIANO', '', '06 19 32 94 21', 'ebregliano@free.fr', 'Collège Font d''Aurumy, Fuveau', '43.446945,5.559704', 'mardi', '20h30', '', '', 'Fuveau2.pdf', 29),
(33, 'CERDA Sébastien', '', '06.14.39.69.39', 'mazoute51@wanadoo.fr', 'Salle Omnisport Paul Sias, Grans', '43.608146,5.067723', 'vendredi', '20h40', '', '', 'GransAil2.pdf', 30),
(34, 'Julie LOIRET', '06 81 13 52 61', '', 'julie.loiret@orange.fr', 'Raymond Escavi, Roquevaire', '43.348061,5.603167', 'Mercredi', '20h00', 'http://vbr13.free.fr', '', 'Roquevaire2.pdf', 31),
(35, 'Emeline KNIPPING', '04.42.52.39.94', '06.68.22.46.56', 'aliavis@free.fr', 'Salle Omnisport, Eguilles', '43.573194,5.345546', 'Jeudi', '20h15', '', '', '', 32),
(36, 'Guillaume Estève', '06 63 35 30 80', '', 'lamidespingouins@gmail.com', 'Croix Rouge, avenue fournacle 13013 Marseille', '43.331356,5.457454', 'vendredi', '20h', 'www.asc-perier.fr', '', 'AscPerier.pdf', 33),
(37, 'Laurent MARTINELLI', '0613563104', '', 'ciocciu@free.fr', 'Gymnase Carcassonne Aix en Provence', '', 'Vendredi', '20H00', '', '', 'AixAero1.pdf', 34),
(38, 'Jérémy WADIN', '04.91.24.31.86', '06.18.45.42.55', 'jeje6@hotmail.com', 'Gymnase Rabelais, Marseille', '43.568452,5.454025', 'Lundi', '19h30', '', '', '', 35),
(39, 'Pascal GIMENO', '04.42.09.65.41', '06.50.22.53.85', 'pgimeno1@free.fr', 'Adrien Ricaud, Ensuès la Redonne', '43.35646,5.191609', 'Mercredi', '20H30', 'http://koala.ensues.free.fr', '', 'EnsuesKoala2.pdf', 36),
(40, 'stephane MARTIN', '06 50 52 38 69', '', 'NNESTA@VOILA.FR', 'st zacharie', '', 'vendredi', '20h', '', '', 'SaintZacharieVb1.pdf', 37),
(41, 'GORLIER Laurent', '0603059770', '', 'laurent.gorlier@gmail.com', 'Croix Rouge, 30 avenue Fournacle 13013 Marseille ', '43.3309586, 5.4574862', 'Lundi', '19h45', 'http://ecsmvb.web.free.fr', '', 'Ecsmarseille2.pdf', 38),
(42, 'Firmano ANTOINETTE', '', '06 76 76 12 94', 'f.antoinette@hotmail.fr', 'Hall des sports Carcassonne, Aix en Provence', '43.5212193, 5.4638912', 'Mardi', '20h', '', '', 'AspttAix4.pdf', 39),
(43, 'Pernice Benoit', '', '06.70.09.49.39', 'benoit.pernice@eurocopter.com', 'Complexe Sportif Eurocopter, A', '43.410496,5.242646', 'Jeudi', '20h', '', '', 'Eurocopter2.pdf', 40),
(44, 'BEURENO Yohann - DONNAY Aurélien', '06.23.74.79.56', '06.68.22.20.22', 'ybeureno@hotmail.com', 'Complexe sportif du Mas de Barreau', '43.686642,5.034419', 'Jeudi', '20h00', '', '', 'Eyguieres2.pdf', 41),
(45, 'Laurent FABRE', '06 10 65 42 00', '06 10 65 42 00', 'laurentfabre@wanadoo.fr', 'Guy Drut (Rue Commandant Cousteau)', '', 'vendredi', '20h00', '', '', 'BoucBelAir.pdf', 42),
(46, 'Christophe DUFAU', '06 64 45 76 27', '', 'xttof@free.fr', 'Collège Font d''Aurumy FUVEAU ', '43.446945,5.559704', 'Jeudi', '20h30', '', '', '', 43),
(47, 'Philip Perdomo // Perier Citron', '06 14 91 50 61', '04 91 07 29 08', 'pperdomo@free.fr', 'La Marie/la Croix-Rouge, Av Fournacle Marseille', 'http://goo.gl/maps/jIz43', 'Vendredi', '20h00', '', '', 'PerierCitron.pdf', 44),
(48, 'Yohann BEURENO', '06 23 74 79 56', '', 'ybeureno@hotmail.com', 'complexe sportif du mas de Barreau', '', 'mercredi', '20h00', '', '', '', 45),
(49, 'Guillaume SAUVESTRE', '06.80.34.90.55', '', 'guillaume.sauvestre@lyonnaise-des-eaux.fr', 'COSEC du collège les Amandierets', '', 'Mardi', '19h30', '', '', 'Chateauneuf.pdf', 46),
(50, 'Michel MARCIANO', '06 82 68 07 90', '', 'mitch.marciano@gmail.com', 'traverse Santi 13015 Marseille', '43.343688,5.348239', 'jeudi', '19h30', 'http://ecsmvb.web.free.fr', '', 'Ecsmarseille3.pdf', 47),
(51, '', '', '', '', 'Albert Camus - Rue Jules Andraud', '43.524817,5.259691', 'Lundi', '20h', 'http://covf.volleyball.free.fr/', '', 'Velaux2.pdf', 48),
(52, 'Thierry FERNANDEZ', '', '06 03 20 58 28', 'thierryfern@aliceadsl.fr', 'Complexe sportif Georges Carcassonne ', '43.522674,5.462919', 'Vendredi', '20H00', '', '', 'AixAero2.pdf', 49),
(54, 'MALOSSE HOUPERT Vincent', '06.21.73.21.71', '', 'vincent.malossehoupert@ekium.eu', 'Louis Armand - 118 Rue St Jean du Desert 13012 ', '', 'Vendredi', '20h00', 'http://blogmv13.wordpress.com/', '', 'MarseilleVb1.pdf', 51),
(55, 'Jean-Cyril GANNARD', '06 32 04 81 32', '', 'jean-cyril.gannard@laposte.net', 'Louis Armand - 118 Rue St Jean du Desert 13012', '', 'Vendredi', '20h00', '', '', 'MarseilleVb2.pdf', 52),
(57, 'Daniel Bilardu', '06 88 13 60 42', '04 94 11 30 14', 'volley.slhits@gmail.com', 'La Marquisanne ', 'Rue d''Alexandrie 83200 TOULON', 'Mardi', '20h', '', '', '', 53),
(59, 'Christine HESSE', '04.42.78.75.47', '06.03.30.59.41', 'chesse@gagneraud.fr', 'Sylvestre Gruzza, Rognac', '43.482804,5.234653', 'Jeudi', '20h', '', '', 'Rognacf.pdf', 54),
(60, 'GACEM Houria', '06 68 01 09 83', '', 'houria.gacem@yahoo.fr', 'Ruissatel', '30 chemin des Accates. 13011 Marseille', 'Vendredi', '19h30', 'http://www.vcme.fr', '', 'VCMarseilleEstf.pdf', 55),
(61, 'Mélanie LONGUET', '', '06 71 63 06 92', 'melanie@itika.net', 'Croix Rouge - 30 av de Fournacle - 13013 Marseille', '43.3309586, 5.4574862', 'Lundi', '19h45', '', '', 'Ecsmarseille2f.pdf', 56),
(62, 'Houria GACEM', '', '06.68.01.09.83', 'houria.gacem@yahoo.fr', 'Ruissatel', '30 chemin des accates.13011 Marseille', 'Vendredi', '19h30', 'http://www.vcme.fr', '', 'VCMarseilleEst1f.pdf', 57),
(63, 'céline VITELLI', '06 83 46 30 12', '', 'celinecissou@yahoo.fr', '', '', 'Jeudi/Vend', '20h00', 'www.cles-gardanne.fr', '', 'Gardanne1f.pdf', 58),
(64, 'Sandrine ROTHBLEZ', '', '06 75 06 52 31', 'sandrine.rothblez@yahoo.fr', 'Collège Font d''Aurumy, Fuveau', '43.446945,5.559704', 'Mardi', '20h30', '', '', '', 59),
(65, 'Céline TROUILLARD', '06.10.87.51.45', '06.22.75.14.00', 'celine-donnat@wanadoo.fr', 'Salle Omnisport Paul Sias, Grans', '43.608146,5.067723', 'Vendredi', '20h40', '', '', '', 60),
(66, 'Laurie FILIPPI', '0619995981', '', 'laurie.filippi@eurocopter.com', 'Compl Sportif Eurocopter - Av Calderon St Victoret', '', 'Jeudi', '20h00', '', '', 'Eurocopterf.pdf', 61),
(67, 'Gisèle RAYNAL-MARTINEZ', '', '06 62 56 59 96', 'gimadasyl@neuf.fr', 'Louis Armand 118 Rue St Jean du Desert 13012', '', 'Vendredi', '20h00', '', '', 'MarseilleVbf.pdf', 62),
(68, 'Carole ONESIME', '', '06.61.14.99.36', 'paco0013@free.fr', 'Halle des Sports St Zacharie Bd Martyrs Résistance', '43.383359,5.702838', 'vendredi', '20h00', '', '', '', 63),
(69, 'Magali HUGUES', '06 99 38 18 52', '', 'mag13_1986@hotmail.com', 'Gymnase Font d''Aurumy', '', 'mar/jeu', '20h30', '', '', '', 64),
(70, 'Magali GORLIER', '', '06.26.42.22.30', 'magaligorlier@gmail.com', 'Gymnase Croix rouge 30, avenue de fournacle', '', 'Lundi', '19h45', 'http://ecsmvb.web.free.fr', '', 'Ecsmarseille1f.pdf', 65),
(71, 'Amandine PASCAL', '04 91 45 41 52', '06 22 64 10 13', 'dadine13@hotmail.com', 'Gymnase Heinrich Rue Paul Cezanne 13470 Carnoux', '', 'Vendredi', '20h00', '', '', '', 66),
(72, 'Samia GAMECHE/BENTATA', '06.10.20.12.06', '', 'samiaduvolley@aol.com', 'Fontvenelle (aux pompiers) ou Valabre (Lycée agric', '', 'Jeu/Ven', '20h00', '', '', 'Gardanne2f.pdf', 67),
(73, 'Gisèle RAYNAL-MARTINEZ', '0662565996', '', 'gimadasyl@neuf.fr', 'Louis Armand 118 St Jean du Desert 13012 Marseille', '', 'Vendredi', '20h00', '', '', 'MarseilleVb2f.pdf', 68),
(74, 'Mme Gaëlle APPERT', '06 86 58 33 14', '', 'gaelle.appert@bnpparibas.com', 'Louis Armand 118 Rue St Jean du Desert 13012 ', '', 'Vendredi', '20h00', '', '', '', 69),
(75, 'Laurent BUCHEL', '06 65 48 58 43', '', 'buchel.laurent@neuf.fr', 'Paul TACHER', '', 'jeudi', '20h15', '', '', 'Pelissanne1.pdf', 70),
(76, 'Sebastien Sanchez', '0689090246', '', 'seb.smf@orange.fr', ' Avenue des Ginestes,  O.ARCELLI', '', 'jeudi', '19h45', '', '', 'Entressen.pdf', 71),
(77, 'Guillaume Depommier', '06 78 42 83 51', '', 'guillaume.depommier@eurocopter.com', 'Complexe Sportif Eurocopter Av JL Calderon Saint V', '43.410496,5.242646', 'Jeudi', '20h00', '', '', 'Eurocopter3.pdf', 72),
(78, 'Kerrad  Nabil ', '0660260006', '', 'Nabil.kerrad@gmail.com', 'Collége Louis Armand - 118 rue St Jean du desert -', '', 'Vendredi', '20h00', '', '', 'MarseilleVb3.pdf', 73),
(79, 'Thomas FRAILLON', '06 82 67 51 61', '', 'tom.fraillon@gmail.com', 'Coubertin', '', 'mercredi', '19h45', '', '', 'Salon.pdf', 74),
(80, 'Grégory RICHEZ', ' 6 20 14 38 12', '', 'gregrichez@hotmail.fr', 'salle du 4 septembre', '', 'Jeudi', '20h30', '', '', 'SaintCannat.pdf', 75),
(81, 'Jean Louis CAMBERT', '06 19 75 56 90', '', 'cambyofmars@gmail.com', 'A RICAUD - Av de la Côte Bleue - 13820 ENSUES', '43.35646,5.191609', 'Mercredi', '20H45', '', '', 'EnsuesKoala3.pdf', 76),
(82, 'Isabelle Audureau', '06 88 20 17 16', '', 'isaaudureau@yahoo.fr', 'Gymnase de la croix rouge', '43.331356,5.457454', 'Vendredi', '20h00', '', '', 'PerierMenthe.pdf', 77),
(83, 'Marine ANDRÉ', '0777081233', '0442288369', 'volley.ventabren@gmail.com', 'Salle Reine Jeanne, Ventabren', '43.536408,5.293586', 'Vendredi', '20h30', '', '', 'Ventabrenf.pdf', 78),
(84, 'Faihy Caroline', '06 10 14 01 52', '', 'cfaihy@hotmail.fr', 'Adrien Ricaud, Ensuès la Redonne', '43.35646,5.191609', 'Mercredi', '20H30', '', '', 'EnsuesKoalalettesf.pdf', 79),
(85, 'Sophie Mery', '', '06 25 88 16 00', 'sophie.mery@gmail.com', 'Croix Rouge 30 Av Fournacle 13013 Marseille', '43.3309586, 5.4574862', 'Lundi', '19h45', 'http://ecsmvb.web.free.fr', '', 'Ecsmarseille3f.pdf', 80),
(98, 'Olivier FABIANI', '0684803709', '', 'olivier.fabiani@tdf.fr', 'Guy DRUT', '', 'vendredi', '20h', 'http://www.bba-volleyball.fr/', '', 'BoucBelAir2.pdf', 84),
(101, 'Audrey SORGATO ou Jean-Georges ROBLES', '06.88.20.12.85', '0609048651 JG', 'audrey.sorgato@ecsplicite.com', 'Mouren', '- lat : 43.28624431 - long : 5.58250', 'lundi', '19h45', 'http://aubagnevolleyball.fr/', '', 'AubagneVb2.pdf', 85),
(102, 'SEVILLA Stéphane', '06-13-54-16-57', '04-86-37-50-27', 'sevilla@cablerie.com', 'LA LOGE CARRY LE ROUET', '43.338605 // 5.155769', 'Vendredi', '20h15', 'http://cbvb.clubeo.com/', '', 'CoteBleueVB1.pdf', 86),
(103, 'Olivier LEBE', '06.27.59.02.06', '', 'lebe.olivier@gmail.com', 'la loge carry-le-rouet', '', 'Vendredi', '20h15', '', '', 'CoteBleueVB2.pdf', 87),
(104, 'MARTIN Stéphane', '0650523869', '', 'NNESTA@VOILA.FR', 'HALLE', '', 'VENDREDI', '20H', '', '', 'SaintZacharieVB2.pdf', 88),
(105, 'Christelle BENARD', '0670564971', '0488718943', 'cbenard@insidefr.com', '', '', '-', '', 'https://plus.google.com/102731000252207412617', '', 'Amis.pdf', 89),
(106, 'Manon HUGUES', '06.20.49.95.74', '', 'manon.hugues13@gmail.com', 'Fontvenelle / Valabre', '', 'Vendredi', '20h00', '', '', 'Gardanne3f.pdf', 90),
(108, 'Céline BUCHEL', '06 61 58 30 78', '', 'buchel.laurent@neuf.fr', 'P.TACHER', 'AVENUE ST ROCH', 'lundi', '20h30', 'http://pelissannevolley.jimdo.com/', '', 'Pelissannef.pdf', 91),
(109, 'Marjorie Orivelle', '06 50 74 99 88', '', 'marjorie.orivelle@laposte.net', 'Mas du Barreau', '', 'Jeudi', '20h00', '', '', 'Eyguieresf.pdf', 92),
(128, 'Julie Lefrant', '06 75 06 80 40', '', 'julie.lefrant@gmail.com', 'Adrien Ricaud, Ensuès la Redonne', '43.35646,5.191609', 'Mercredi', '20H45', '', '', 'EnsuesKoalettes1f.pdf', 111),
(129, 'Gaëlle DENIEL', '06 81 37 42 43', ' ', 'gaelle_deniel@hotmail.fr', 'Ensuès', ' ', 'Mercredi ', '20h30', 'http://koala.ensues.free.fr/', '', 'EnsuesKoalettes2f.pdf', 112),
(130, 'CHARLES PAPAIX', '06 63 38 87 30', '06 63 38 87 30', 'Charles.PAPAIX@colas-mm.com', 'Collège de Trets', '', 'samedi mat', '7h30 ', 'http://club.quomodo.com/tretsvolleyloisir/accueil', '', 'Trets.pdf', 113),
(131, 'David Durlot', '06 760 111 71', '', 'davdurlot@orange.fr', 'Pélissanne', '', 'Jeudi', '20h00', '', '', 'Pelissanne2.pdf', 114),
(132, 'ANDREIS  Nicolas', '06 58 28 09 20', '', '', 'Caphan 31 rue des écoles', '', 'vendredi', '20h00', '', '', 'SaintMartin.pdf', 115),
(133, 'Gente yoan', '0683048968', '', 'asgon@hotmail.fr', 'Avenue charles de gaulle 13370 MALLEMORT', '', 'LUNDI', '20h00', '', '', 'Mallemort.pdf', 116),
(134, 'Stéphane MARTIN', '0650523869', '', 'nnesta@voila.fr', 'halle aux sports de saint zacharie', '', 'vendredi', '20h', '', '', 'SaintZacharie.pdf', 117),
(135, 'Marlène DAUTREME', '06 76 78 69 93', '', 'dmarlene4@aol.com', 'Gymnase Marcel Cau - 475 Avenue San Peyres - Puyri', '43.578743, 5.423071', 'Mercredi', '20h30', '', '', 'AixElles.pdf', 118),
(136, 'Aline HUGUES', '06.42.27.36.90', '', 'nanie180579@hotmail.com', 'les Carabins chemin du Gari 13270 Fos sur mer', '', 'Jeudi', '20h45', 'http://volleyballfosseen.free.fr/', '', 'Fosseennes.pdf', 119),
(155, 'Melinand Ludovic', '06 78 13 17 47', '04.91.44.19.94', 'ludovic.melinand@laposte.net', 'Ruissatel, Marseille', '', 'Vendredi', '19h30', '', '', '', 138),
(156, 'CYRILLE BOULESTIN', '06 07 78 05 39', '', 'cboulestin@cokecce.com', 'Trets', '', 'Vendredi', '20h00', '', '', 'Trets2.pdf', 139),
(157, 'MYRIAM GUARINO', '06 59 43 91 57', '', 'guarino.myriam@hotmail.fr', 'Rousset', '', 'Mercredi', '20h00', '', '', 'Tretsf.pdf', 140),
(158, 'Timothee Mariller', ' 0650773808', '', ' timothee.mariller@gmail.com', ' Antonin Artaud, chemin notre dame de la consolati', '', 'Jeudi', '19h30', 'www.massaliavolley.com', '', 'Massalia.pdf', 141),
(159, 'Romain Resicato', '0619014511', '', 'edjrresicato@gmail.com', 'Centre Sportif Educatif et Culturel', '', 'Mercredi', '21h00', '', '', 'Meyrargues2.pdf', 142),
(162, 'speranza virginie', '0623145554', '', 'ninisper@gmail.com', 'cavallonni', '', 'Mercredi', '19h45', '', 'IOPVettes.jpg', 'Istresf.pdf', 145),
(163, 'marion ispa', '0689976007', '', 'marion.ispa@gmail.com', 'artauds', '', 'Jeudi', '19h30', '', '', 'Massaliaf.pdf', 146),
(164, 'METIVIER Michel', '04 90 47 13 20', '06 78 96 47 26', 'metivierm@wanadoo.fr', 'Caphan 31 rue des écoles', '', 'Mardi', '20h00', '', '', 'SaintMartin2.pdf', 147),
(165, 'Marléne', '06 76 78 69 93', '', 'dmarlene4@aol.com', 'puyricard ou carcasonne', '', 'Mercredi', '20h30', '', '', 'KhAixperts.pdf', 148),
(166, 'Giséle', '06 62 56 59 96', '', 'gimadasyl@neuf.fr', 'Louis armand', '', 'Vendredi', '19h45', '', '', 'KhMarsvb.pdf', 149),
(167, 'Christelle B.', '06 70 56 49 71', '', 'cbenard@insidefr.com', 'Marignane', '', 'Jeudi', '19h30', '', '', 'KhAmissilia.pdf', 150),
(168, 'Benoit', '06 70 09 49 39', '', 'benoit.pernice@eurocopter.com', '', '', 'Jeudi', '20h00', '', '', 'KhLesbogosses.pdf', 151),
(169, 'Mickael Navarro', '06 27 69 08 88', '', 'klnavarro@gmail.com', '', '', '-', '-', '', '', 'KhTrets.pdf', 152),
(170, 'Marion ISPA', '06 89 97 60 07', '', 'marion.ispa@gmail.com', 'Artaud', '', 'Jeudi', '19h30', '', '', 'KhMassalia.pdf', 153),
(171, 'Céline BUCHEL', '06 61 58 30 78', '', 'buchel.laurent@neuf.fr', '', '', 'Lundi', '20h30', '', '', 'KhPelissanne1.pdf', 154),
(172, 'William', '07 50 23 54 23', '', 'mrwillamk@gmail.com', '', '', 'Vendredi', '20h00', '', '', 'KhLesswagpantheres.pdf', 155),
(173, 'Estelle', '06 87 31 74 59', '', 'lenaour_e@yahoo.fr', 'Ruisatel', '', 'Vendredi', '19h30', '', '', 'KhApero.pdf', 156),
(174, 'Julie', '06 88 30 07 79', '', 'jujube.volley@gmail.com', 'puyricard ou carcasonne', '', 'Mercredi', '20h00', '', '', 'KhAixcrocs.pdf', 157),
(175, 'Christian', '', '', 'csurace@gmail.com', 'Croix rouge', '', 'Lundi', '19h45', '', '', 'KhGravityball.pdf', 158),
(176, 'Magali Hugues', '06 15 18 10 08', '', 'mag.hugues@gmail.com', '', '', 'Vendredi', '20h00', '', '', 'KhLesflambeurs.pdf', 159),
(177, 'Philip', '06 14 91 50 61', '', 'pperdomo@free.fr', 'Croix rouge', '', 'Vendredi', '20h00', '', '', 'KhPerriermenthecitron.pdf', 160),
(178, 'Jean louis', '06 19 75 65 90', '', 'cambyofmars@gmail.com', '', '', 'Mercredi', '20h45', '', '', 'KhKurly.pdf', 161),
(179, 'Christelle', '06 50 49 63 90', '', 'chfalewee@yahoo.com', 'puyricard ou carcasonne', '', 'Mercredi', '20h00', '', '', 'KhLesboulets.pdf', 162),
(180, 'Stephane Jardel', '06 71 86 16 10', '', 'dogosteph@yahoo.fr', '', '', 'Jeudi', '20h00', '', '', 'KhIbuprovoltarene.pdf', 163),
(181, 'Audrey', '06 88 20 12 85', '', 'audrey.sorgato@ecsplicite.com', 'Gymnase Mouren', '', 'Lundi', '19h45', '', '', 'KhWasabi.pdf', 164),
(182, 'Gauthier DUFOUR', '06 61 40 76 57', '', 'gauthier.dufour@eurocopter.com', '', '', 'Jeudi', '20h00', '', '', 'KhTatawine.pdf', 165),
(183, 'Florian Martin', '06 26 63 47 65', '', 'flomartin13@yahoo.fr ', '', '', 'Mercredi', '20h45', '', '', 'KhKsociaux.pdf', 166),
(184, 'Cyril Pons', '06 82 27 90 82', '', 'pons.cyril@gmail.com', 'Croix rouge', '', 'Vendredi', '20h00', '', '', 'KhPerriersofresh.pdf', 167),
(185, 'Hugo pesce', '06 13 08 63 67', '', 'h.pesce@daher.com', 'gymnase mistral', '', 'Mercredi', '19h30', '', '', 'KhTatoumi.pdf', 168),
(186, 'Stéphanie Larroque', '06 71 26 59 98', '', 'stephanie.larroque@yahoo.fr', '', '', 'Jeudi', '20h00', '', '', 'KhLesoutsiders.pdf', 169),
(187, 'magali ', '06 26 42 22 30', '', 'magaligorlier@gmail.com', 'Croix rouge', '', 'Lundi', '19h45', '', '', 'KhMojitos.pdf', 170),
(188, 'Alain Massol', '06 22 07 86 59', '', 'almas13@hotmail.fr', 'Croix rouge', '', 'Lundi', '19h45', '', '', 'KhLeszoulous.pdf', 171),
(189, 'Denis PETIPAS', '06 44 87 14 43', '', 'christel.petipas@orange.fr', '', '', 'Lundi', '20h30', '', '', 'KhPelissanne2.pdf', 172),
(190, 'Jéremi GIL', '06 36 93 75 21', '', 'jems.gyls@hotmail.fr', 'Gymnase Mouren', '', 'Lundi', '19h45', '', '', 'KhKilucru.pdf', 173),
(191, 'Simona', '06 29 30 21 41', '', 'bodea@irphe.univ-mrs.fr', 'Ruisatel', '', 'Vendredi', '19h30', '', '', 'KhAlest.pdf', 174),
(192, 'Merbah Imed', '06 51 95 08 25', '', 'abysse23@yahoo,fr', '', '', 'Lundi', '19h45', '', '', 'KhCorrompus.pdf', 175),
(193, 'Pierre Chouraqui', '06 82 05 02 89', '', 'chouraquip@yahoo.fr', '', '', 'Mercredi', '20h45', '', '', 'KhKwadrature.pdf', 176),
(194, 'Manon Hugues', '', '', '', '', '', 'Jeudi', '20h00', '', '', 'KhLes7fantastiques.pdf', 177),
(195, 'Michel Metivier', '06 78 96 47 26', '', 'metivierm@wanadoo.fr', '', '', 'Lundi', '20h00', '', '', 'KhStmartin.pdf', 178),
(196, 'Claire PATEL', '06 10 32 01 05', '', 'cpatel@insidefr.com', '', '', '-', '-', '', '', 'KhAmiskasa.pdf', 179);

-- --------------------------------------------------------

--
-- Structure de la table `equipes`
--

CREATE TABLE IF NOT EXISTS `equipes` (
  `id_equipe` smallint(3) NOT NULL AUTO_INCREMENT,
  `code_competition` varchar(2) NOT NULL,
  `nom_equipe` varchar(50) NOT NULL,
  PRIMARY KEY (`id_equipe`)
) ENGINE=InnoDB  DEFAULT CHARSET=latin1 AUTO_INCREMENT=197 ;

--
-- Contenu de la table `equipes`
--

INSERT INTO `equipes` (`id_equipe`, `code_competition`, `nom_equipe`) VALUES
(1, 'm', 'Fuveau 1'),
(2, 'm', 'Marseille Est 1'),
(3, 'm', 'Eyguières'),
(4, 'm', 'Eguilles 1'),
(5, 'm', 'ASPTT Aix 1'),
(6, 'm', 'Marseille Est 3'),
(7, 'm', 'ASPTT Aix 2'),
(8, 'm', 'Eurocopter 1'),
(9, 'm', 'Ventabren'),
(11, 'm', 'Grans AIL 1'),
(12, 'm', 'ECS Marseille 1'),
(13, 'm', 'Meyrargues'),
(14, 'm', 'Ensuès Koala 1'),
(15, 'm', 'SFP Aubagne'),
(16, 'm', 'Roquevaire 1'),
(17, 'm', 'La Bédoule'),
(19, 'm', 'Aubagne VB 1'),
(20, 'm', 'Velaux COVF 1'),
(21, 'm', 'Gréasque'),
(22, 'm', 'Gardanne'),
(23, 'm', 'SNEF Marseille'),
(24, 'm', 'Marseille Est 2'),
(25, 'm', 'Ventabren 3'),
(26, 'm', 'ASPTT Aix 3'),
(27, 'm', 'Ventabren 2'),
(28, 'm', 'Eguilles 2'),
(29, 'm', 'AS CETE'),
(30, 'm', 'Rognac'),
(31, 'm', 'Marseille Est 4'),
(32, 'm', 'Fuveau 2'),
(33, 'm', 'Grans AIL 2'),
(34, 'm', 'Roquevaire 2'),
(35, 'm', 'Eguilles 3'),
(36, 'm', 'ASC Périer 1'),
(37, 'm', 'Aix Aéro 1'),
(38, 'm', 'Pious Pious'),
(39, 'm', 'Ensuès Koala 2'),
(40, 'm', 'St Zacharie VB'),
(41, 'm', 'ECS Marseille 2'),
(42, 'm', 'ASPTT Aix 4'),
(43, 'm', 'Eurocopter 2'),
(44, 'm', 'Eyguières 2'),
(45, 'm', 'Bouc Bel Air'),
(46, 'm', 'Fuveau 3'),
(47, 'm', 'ASC Périer Citron'),
(48, 'm', 'Eyguières 3'),
(49, 'm', 'Chateauneuf'),
(50, 'm', 'ECS Marseille 3'),
(51, 'm', 'Velaux COVF 2'),
(52, 'm', 'Aix Aéro 2'),
(54, 'm', 'Marseille Volley 1'),
(55, 'm', 'Marseille Volley 2'),
(57, 'm', 'Hospitaliers Toulon'),
(59, 'f', 'Rognac'),
(60, 'f', 'Marseille Est'),
(61, 'f', 'ECSM 2'),
(62, 'f', 'Marseille Est 1'),
(63, 'f', 'Gardanne 1'),
(64, 'f', 'Fuveau 1'),
(65, 'f', 'Grans'),
(66, 'f', 'Eurocopter'),
(67, 'f', 'Marseille Volley'),
(68, 'f', 'St Zacharie'),
(69, 'f', 'Fuveau 2'),
(70, 'f', 'ECSM 1'),
(71, 'f', 'Carnoux'),
(72, 'f', 'Gardanne 2'),
(73, 'f', 'Marseille Volley 2'),
(74, 'f', 'Marseille Volley 3'),
(75, 'm', 'Pélissanne 1'),
(76, 'm', 'Entressen'),
(77, 'm', 'Eurocopter 3'),
(78, 'm', 'Marseille Volley 3'),
(79, 'm', 'Salon VBC'),
(80, 'm', 'St Cannat'),
(81, 'm', 'Ensuès Koala 3'),
(82, 'f', 'ASC Périer Menthe'),
(83, 'f', 'Ventabren'),
(84, 'f', 'Ensuès'),
(85, 'f', 'ECSM 3'),
(98, 'm', 'Bouc Bel Air 2'),
(101, 'm', 'Aubagne VB 2'),
(102, 'm', 'Côte Bleue VB 1'),
(103, 'm', 'Côte Bleue VB 2'),
(104, 'm', 'St Zacharie VB 2'),
(105, 'm', 'AMIS'),
(106, 'f', 'Gardanne 3'),
(108, 'f', 'Pélissanne'),
(109, 'f', 'Eyguières'),
(128, 'f', 'Ensuès Koalettes 1'),
(129, 'f', 'Ensuès Koalettes 2'),
(130, 'm', 'Trets'),
(131, 'm', 'Pélissanne 2'),
(132, 'm', 'St Martin de Crau'),
(133, 'm', 'Mallemort'),
(134, 'm', 'St Zacharie'),
(135, 'f', 'Aix''elle'),
(136, 'f', 'Fos sur Mer'),
(155, 'm', 'Marseille Est 3'),
(156, 'm', 'Trets 2'),
(157, 'f', 'Trets'),
(158, 'm', 'Massalia Volley'),
(159, 'm', 'Meyrargues 2'),
(162, 'f', 'Istres'),
(163, 'f', 'Massalia Volley'),
(164, 'm', 'St Martin 2'),
(165, 'kh', 'AIXPERTS'),
(166, 'kh', 'MARSVB'),
(167, 'kh', 'AMISSILIA'),
(168, 'kh', 'LESBOGOSSES'),
(169, 'kh', 'TRETS'),
(170, 'kh', 'MASSALIA'),
(171, 'kh', 'PELISSANNE1'),
(172, 'kh', 'LESSWAGPANTHERES'),
(173, 'kh', 'APERO'),
(174, 'kh', 'AIXCROCS'),
(175, 'kh', 'GRAVITYBALL'),
(176, 'kh', 'LESFLAMBEURS'),
(177, 'kh', 'PERRIERMENTHECITRON'),
(178, 'kh', 'KURLY'),
(179, 'kh', 'LESBOULETS'),
(180, 'kh', 'IBUPROVOLTARENE'),
(181, 'kh', 'WASABI'),
(182, 'kh', 'TATAWINE'),
(183, 'kh', 'KSOCIAUX'),
(184, 'kh', 'PERRIERSOFRESH'),
(185, 'kh', 'TATOUMI'),
(186, 'kh', 'LESOUTSIDERS'),
(187, 'kh', 'MOJITOS'),
(188, 'kh', 'LESZOULOUS'),
(189, 'kh', 'PELISSANNE2'),
(190, 'kh', 'KILUCRU'),
(191, 'kh', 'ALEST'),
(192, 'kh', 'CORROMPUS'),
(193, 'kh', 'KWADRATURE'),
(194, 'kh', 'LES7FANTASTIQUES'),
(195, 'kh', 'STMARTIN'),
(196, 'kh', 'AMISKASA');

-- --------------------------------------------------------

--
-- Structure de la table `images`
--

CREATE TABLE IF NOT EXISTS `images` (
  `id_image` smallint(3) NOT NULL AUTO_INCREMENT,
  `categorie_image` tinyint(1) NOT NULL,
  `chemin_image` varchar(50) NOT NULL,
  PRIMARY KEY (`id_image`)
) ENGINE=InnoDB  DEFAULT CHARSET=latin1 AUTO_INCREMENT=21 ;

--
-- Contenu de la table `images`
--

INSERT INTO `images` (`id_image`, `categorie_image`, `chemin_image`) VALUES
(1, 1, 'images/photos/imagevolley001.jpg'),
(2, 1, 'images/photos/imagevolley002.jpg'),
(3, 1, 'images/photos/imagevolley003.jpg'),
(4, 1, 'images/photos/imagevolley004.jpg'),
(5, 1, 'images/photos/imagevolley005.jpg'),
(6, 1, 'images/photos/imagevolley006.jpg'),
(7, 1, 'images/photos/imagevolley007.jpg'),
(8, 1, 'images/photos/imagevolley008.jpg'),
(9, 1, 'images/photos/imagevolley009.jpg'),
(10, 1, 'images/photos/imagevolley010.jpg'),
(11, 1, 'images/photos/imagevolley011.jpg'),
(12, 1, 'images/photos/imagevolley012.jpg'),
(13, 1, 'images/photos/imagevolley013.jpg'),
(14, 1, 'images/photos/imagevolley014.jpg'),
(15, 1, 'images/photos/imagevolley015.jpg'),
(16, 1, 'images/photos/imagevolley016.jpg'),
(17, 1, 'images/photos/imagevolley017.jpg'),
(18, 1, 'images/photos/imagevolley018.jpg'),
(19, 1, 'images/photos/imagevolley019.jpg'),
(20, 1, 'images/photos/imagevolley020.jpg');

-- --------------------------------------------------------

--
-- Structure de la table `joueurs`
--

CREATE TABLE IF NOT EXISTS `joueurs` (
  `id` int(10) NOT NULL AUTO_INCREMENT,
  `id_equipe` smallint(6) DEFAULT NULL,
  `prenom` varchar(50) DEFAULT NULL,
  `nom` varchar(50) DEFAULT NULL,
  `telephone` varchar(20) DEFAULT NULL,
  `email` varchar(50) DEFAULT NULL,
  `num_licence` varchar(50) DEFAULT NULL,
  `id_photo` smallint(6) DEFAULT NULL,
  `est_capitaine` bit(1) DEFAULT NULL,
  PRIMARY KEY (`id`)
) ENGINE=InnoDB  DEFAULT CHARSET=latin1 AUTO_INCREMENT=7 ;

--
-- Contenu de la table `joueurs`
--

INSERT INTO `joueurs` (`id`, `id_equipe`, `prenom`, `nom`, `telephone`, `email`, `num_licence`, `id_photo`, `est_capitaine`) VALUES
(5, 105, 'Christelle', 'BENARD', '', '', '013-96578110 /F', 0, b'0'),
(6, 105, 'Benjamin', 'ALLEMAND', '', '', '40232028 /M', 0, b'0');

-- --------------------------------------------------------

--
-- Structure de la table `journees`
--

CREATE TABLE IF NOT EXISTS `journees` (
  `id` tinyint(3) NOT NULL AUTO_INCREMENT,
  `code_competition` varchar(2) NOT NULL,
  `division` varchar(2) NOT NULL,
  `numero` tinyint(2) NOT NULL,
  `nommage` varchar(30) NOT NULL,
  `libelle` varchar(50) NOT NULL,
  KEY `id` (`id`)
) ENGINE=InnoDB  DEFAULT CHARSET=latin1 AUTO_INCREMENT=127 ;

--
-- Contenu de la table `journees`
--

INSERT INTO `journees` (`id`, `code_competition`, `division`, `numero`, `nommage`, `libelle`) VALUES
(43, 'cf', '1', 1, '1/8ième de finale', 'du 29 avril au 10 mai'),
(44, 'cf', '1', 2, '1/4ième de finale', 'du 3 au 7 juin'),
(45, 'cf', '1', 3, '1/2 finale', ''),
(46, 'cf', '1', 4, 'Finale', ''),
(47, 'ff', '1', 1, 'Journée 1', 'du 17 au 21 Mai 2010'),
(48, 'ff', '1', 2, 'Journée 2', 'du 24 au 28 mai 2010'),
(49, 'ff', '1', 3, 'Journée 3', 'du 31 Mai au 04 Juin 2010'),
(55, 'kf', '1', 1, '1/8 finale', 'du 29 avril au 10 mai'),
(59, 'pf', '1', 1, 'Journée 1', 'du 09 au 13 Mai 2011'),
(60, 'pf', '1', 2, 'Journée 2', 'du 16 au 20 Mai 2011'),
(61, 'pf', '1', 3, 'Journée 3', 'du 23 au 27 Mai 2011'),
(108, 'kf', '1', 2, '1/4 finale', 'du 3 au 7 juin'),
(109, 'kf', '1', 3, '1/2 finale', '14 Juin'),
(110, 'kf', '1', 4, 'Finale', '14 Juin'),
(111, 'm', '1', 1, 'Journée 1', 'du 11 au 15 novembre 2013'),
(112, 'm', '1', 2, 'Journée 2', 'du 18 au 22 novembre 2013'),
(113, 'm', '1', 3, 'Journée 3', 'du 25 au 29 novembre 2013'),
(114, 'm', '1', 4, 'Journée 4', 'du 02 au 06 décembre 2013'),
(115, 'm', '1', 5, 'Journée 5', 'du 09 au 13 décembre 2013'),
(116, 'm', '1', 6, 'Journée 6', 'du 16 au 20 décembre 2013'),
(117, 'm', '1', 7, 'Journée 7', 'du 06 au 10 janvier 2014'),
(127, 'f', '1', 1, 'Journée 1', 'du 04 au 08 novembre 2013'),
(127, 'f', '1', 2, 'Journée 2', 'du 11 au 15 novembre 2013'),
(127, 'f', '1', 3, 'Journée 3', 'du 18 au 22 novembre 2013'),
(127, 'f', '1', 4, 'Journée 4', 'du 25 au 29 novembre 2013'),
(127, 'f', '1', 5, 'Journée 5', 'du 02 au 06 décembre 2013'),
(127, 'f', '1', 6, 'Journée 6', 'du 09 au 13 décembre 2013'),
(127, 'f', '1', 7, 'Journée 7', 'du 16 au 20 décembre 2013'),
(127, 'f', '1', 8, 'Journée 8', 'du 06 au 10 janvier 2014'),
(127, 'f', '1', 9, 'Journée 9', 'du 13 au 17 janvier 2014'),
(127, 'kh', '1', 1, 'Journée 1', 'du 27 au 31 janvier 2014'),
(127, 'kh', '1', 2, 'Journée 2', 'du 3 au 7 Février 2014'),
(127, 'kh', '1', 3, 'Journée 3', 'du 10 au 14 Février 2014'),
(127, 'kh', '1', 4, 'Journée 4', 'Du 17 au 21 Février 2014'),
(127, 'kh', '1', 5, 'Journée 5', 'Du 10 au 14 Mars 2014'),
(127, 'c', '1', 1, 'Journée 1', 'du 27 au 31 janvier 2014'),
(127, 'c', '1', 2, 'Journée 2', 'du 3 au 7 Février 2014'),
(127, 'c', '1', 3, 'Journée 3', 'du 10 au 14 Février 2014'),
(127, 'c', '1', 4, 'Journée 4', 'Du 17 au 21 Février 2014'),
(127, 'c', '1', 5, 'Journée 5', 'Du 10 au 14 Mars 2014');

-- --------------------------------------------------------

--
-- Structure de la table `matches`
--

CREATE TABLE IF NOT EXISTS `matches` (
  `id_match` smallint(6) NOT NULL AUTO_INCREMENT,
  `code_match` varchar(10) NOT NULL,
  `code_competition` varchar(2) NOT NULL,
  `division` varchar(2) NOT NULL,
  `journee` tinyint(1) NOT NULL,
  `id_equipe_dom` smallint(3) NOT NULL,
  `id_equipe_ext` smallint(3) NOT NULL,
  `score_equipe_dom` tinyint(1) NOT NULL,
  `score_equipe_ext` tinyint(1) NOT NULL,
  `set_1_dom` tinyint(2) NOT NULL,
  `set_1_ext` tinyint(2) NOT NULL,
  `set_2_dom` tinyint(2) NOT NULL,
  `set_2_ext` tinyint(2) NOT NULL,
  `set_3_dom` tinyint(2) NOT NULL,
  `set_3_ext` tinyint(2) NOT NULL,
  `set_4_dom` tinyint(2) NOT NULL,
  `set_4_ext` tinyint(2) NOT NULL,
  `set_5_dom` tinyint(2) NOT NULL,
  `set_5_ext` tinyint(2) NOT NULL,
  `heure_reception` varchar(5) NOT NULL,
  `date_reception` date NOT NULL,
  `gagnea5_dom` tinyint(1) NOT NULL,
  `gagnea5_ext` tinyint(1) NOT NULL,
  `forfait_dom` tinyint(1) NOT NULL,
  `forfait_ext` tinyint(1) NOT NULL,
  `certif` tinyint(1) NOT NULL,
  `report` tinyint(1) NOT NULL,
  `retard` tinyint(1) NOT NULL,
  PRIMARY KEY (`id_match`)
) ENGINE=InnoDB  DEFAULT CHARSET=latin1 AUTO_INCREMENT=743 ;

--
-- Contenu de la table `matches`
--

INSERT INTO `matches` (`id_match`, `code_match`, `code_competition`, `division`, `journee`, `id_equipe_dom`, `id_equipe_ext`, `score_equipe_dom`, `score_equipe_ext`, `set_1_dom`, `set_1_ext`, `set_2_dom`, `set_2_ext`, `set_3_dom`, `set_3_ext`, `set_4_dom`, `set_4_ext`, `set_5_dom`, `set_5_ext`, `heure_reception`, `date_reception`, `gagnea5_dom`, `gagnea5_ext`, `forfait_dom`, `forfait_ext`, `certif`, `report`, `retard`) VALUES
(215, 'CF001', 'f', '1', 1, 128, 135, 3, 1, 25, 20, 25, 9, 18, 25, 25, 15, 0, 0, '20h45', '2013-11-06', 0, 0, 0, 0, 1, 0, 0),
(216, 'CF002', 'f', '1', 1, 59, 108, 0, 3, 14, 25, 20, 25, 22, 25, 0, 0, 0, 0, '20h00', '2013-11-07', 0, 0, 0, 0, 1, 0, 0),
(217, 'CF003', 'f', '1', 1, 63, 66, 3, 0, 25, 13, 25, 12, 25, 17, 0, 0, 0, 0, '20h00', '2013-11-07', 0, 0, 0, 0, 1, 0, 0),
(218, 'CF004', 'f', '1', 1, 70, 129, 3, 0, 25, 13, 26, 24, 25, 12, 0, 0, 0, 0, '19h45', '2013-11-04', 0, 0, 0, 0, 1, 0, 0),
(219, 'CF005', 'f', '1', 2, 135, 108, 0, 3, 17, 25, 14, 25, 15, 25, 0, 0, 0, 0, '20h30', '2013-11-13', 0, 0, 0, 0, 1, 0, 0),
(220, 'CF006', 'f', '1', 2, 59, 63, 0, 3, 18, 25, 12, 25, 12, 25, 0, 0, 0, 0, '20h00', '2013-11-14', 0, 0, 0, 0, 1, 0, 0),
(221, 'CF007', 'f', '1', 2, 66, 70, 1, 3, 25, 23, 22, 25, 16, 25, 8, 25, 0, 0, '20h00', '2013-11-14', 0, 0, 0, 0, 1, 0, 0),
(222, 'CF008', 'f', '1', 2, 82, 129, 0, 3, 20, 25, 10, 25, 17, 25, 0, 0, 0, 0, '20h00', '2013-11-15', 0, 0, 0, 0, 1, 0, 0),
(223, 'CF009', 'f', '1', 3, 108, 128, 0, 0, 0, 0, 0, 0, 0, 0, 0, 0, 0, 0, '20h00', '2014-01-24', 0, 0, 0, 0, 0, 1, 1),
(224, 'CF010', 'f', '1', 3, 63, 135, 3, 0, 25, 13, 25, 19, 25, 23, 0, 0, 0, 0, '20h00', '2013-11-21', 0, 0, 0, 0, 1, 0, 0),
(225, 'CF011', 'f', '1', 3, 59, 70, 0, 3, 23, 25, 19, 25, 13, 25, 0, 0, 0, 0, '20h00', '2013-11-21', 0, 0, 0, 0, 1, 0, 0),
(226, 'CF012', 'f', '1', 3, 66, 82, 3, 1, 25, 19, 25, 18, 23, 25, 25, 18, 0, 0, '20h00', '2013-11-21', 0, 0, 0, 0, 1, 0, 0),
(227, 'CF013', 'f', '1', 4, 128, 63, 3, 0, 25, 21, 29, 27, 27, 25, 0, 0, 0, 0, '20h45', '2013-11-27', 0, 0, 0, 0, 1, 0, 0),
(228, 'CF014', 'f', '1', 4, 135, 70, 0, 3, 18, 25, 12, 25, 25, 27, 0, 0, 0, 0, '20h30', '2013-12-18', 0, 0, 0, 0, 1, 0, 0),
(229, 'CF015', 'f', '1', 4, 59, 82, 3, 0, 25, 12, 25, 23, 25, 19, 0, 0, 0, 0, '20h00', '2013-11-28', 0, 0, 0, 0, 1, 0, 0),
(230, 'CF016', 'f', '1', 4, 129, 66, 0, 3, 19, 25, 16, 25, 21, 25, 0, 0, 0, 0, '20h45', '2013-11-27', 0, 0, 0, 0, 1, 0, 0),
(231, 'CF017', 'f', '1', 5, 70, 128, 3, 1, 25, 10, 25, 20, 19, 25, 25, 22, 0, 0, '19h45', '2013-12-02', 0, 0, 0, 0, 1, 0, 0),
(232, 'CF018', 'f', '1', 5, 135, 82, 3, 0, 25, 19, 25, 19, 25, 16, 0, 0, 0, 0, '20h30', '2013-12-04', 0, 0, 0, 0, 1, 0, 0),
(233, 'CF019', 'f', '1', 5, 129, 59, 1, 3, 25, 12, 16, 25, 11, 25, 21, 25, 0, 0, '20h45', '2013-12-04', 0, 0, 0, 0, 1, 0, 0),
(234, 'CF020', 'f', '1', 5, 63, 108, 1, 3, 17, 25, 25, 17, 20, 25, 14, 25, 0, 0, '20h00', '2013-12-05', 0, 0, 0, 0, 1, 0, 0),
(235, 'CF021', 'f', '1', 6, 128, 59, 3, 1, 25, 10, 36, 38, 25, 9, 25, 8, 0, 0, '20h45', '2013-12-11', 0, 0, 0, 0, 1, 0, 0),
(236, 'CF022', 'f', '1', 6, 66, 135, 0, 3, 18, 25, 19, 25, 21, 25, 0, 0, 0, 0, '20h00', '2013-12-12', 0, 0, 0, 0, 1, 0, 0),
(237, 'CF023', 'f', '1', 6, 108, 129, 3, 0, 25, 16, 25, 7, 25, 12, 0, 0, 0, 0, '20h30', '2013-12-09', 0, 0, 0, 0, 1, 0, 0),
(238, 'CF024', 'f', '1', 6, 82, 63, 0, 3, 10, 25, 15, 25, 11, 25, 0, 0, 0, 0, '20h00', '2013-12-13', 0, 0, 0, 0, 1, 0, 0),
(239, 'CF025', 'f', '1', 7, 82, 128, 0, 3, 0, 25, 0, 25, 0, 25, 0, 0, 0, 0, '20h00', '2014-01-22', 0, 0, 1, 0, 0, 0, 1),
(240, 'CF026', 'f', '1', 7, 66, 59, 3, 2, 25, 16, 25, 22, 24, 26, 17, 25, 15, 9, '20h00', '2013-12-19', 0, 0, 0, 0, 1, 0, 0),
(241, 'CF027', 'f', '1', 7, 70, 108, 3, 2, 19, 25, 25, 15, 16, 25, 25, 22, 15, 10, '19h45', '2013-12-16', 0, 0, 0, 0, 1, 0, 0),
(242, 'CF028', 'f', '1', 7, 129, 63, 0, 3, 19, 25, 20, 25, 16, 25, 0, 0, 0, 0, '20h45', '2013-12-18', 0, 0, 0, 0, 1, 0, 0),
(243, 'CF029', 'f', '1', 8, 128, 66, 3, 0, 26, 24, 25, 15, 25, 22, 0, 0, 0, 0, '20h45', '2014-01-08', 0, 0, 0, 0, 1, 0, 0),
(244, 'CF030', 'f', '1', 8, 70, 63, 3, 2, 25, 27, 25, 23, 23, 25, 25, 16, 15, 10, '19h45', '2014-01-06', 0, 0, 0, 0, 1, 0, 0),
(245, 'CF031', 'f', '1', 8, 129, 135, 2, 3, 25, 23, 25, 16, 20, 25, 10, 25, 11, 15, '20h45', '2014-01-08', 0, 0, 0, 0, 1, 0, 0),
(246, 'CF032', 'f', '1', 8, 108, 82, 3, 0, 25, 9, 25, 10, 25, 14, 0, 0, 0, 0, '20h30', '2014-01-06', 0, 0, 0, 0, 1, 0, 0),
(247, 'CF033', 'f', '1', 9, 129, 128, 2, 3, 25, 22, 13, 25, 16, 25, 25, 23, 5, 15, '20h45', '2014-01-15', 0, 0, 0, 0, 0, 0, 0),
(248, 'CF034', 'f', '1', 9, 135, 59, 3, 2, 22, 25, 23, 25, 25, 20, 25, 14, 15, 3, '20h30', '2014-01-15', 0, 0, 0, 0, 0, 0, 0),
(249, 'CF035', 'f', '1', 9, 108, 66, 3, 0, 25, 16, 25, 18, 25, 13, 0, 0, 0, 0, '20h30', '2014-01-13', 0, 0, 0, 0, 0, 0, 0),
(250, 'CF036', 'f', '1', 9, 82, 70, 0, 3, 0, 25, 0, 25, 0, 25, 0, 0, 0, 0, '20h00', '2014-01-13', 0, 0, 1, 0, 0, 0, 0),
(251, 'CF037', 'f', '2', 1, 60, 67, 3, 0, 25, 13, 25, 19, 25, 15, 0, 0, 0, 0, '19h30', '2013-11-08', 0, 0, 0, 0, 1, 0, 0),
(252, 'CF038', 'f', '2', 1, 136, 61, 3, 0, 25, 8, 25, 6, 25, 8, 0, 0, 0, 0, '20h45', '2013-11-07', 0, 0, 0, 0, 1, 0, 0),
(253, 'CF039', 'f', '2', 1, 163, 162, 0, 3, 10, 25, 21, 25, 19, 25, 0, 0, 0, 0, '19h30', '2013-11-07', 0, 0, 0, 0, 1, 0, 0),
(254, 'CF040', 'f', '2', 1, 72, 157, 3, 1, 25, 16, 15, 25, 25, 16, 25, 16, 0, 0, '20h00', '2013-11-08', 0, 0, 0, 0, 0, 0, 0),
(255, 'CF041', 'f', '2', 2, 61, 67, 0, 3, 19, 25, 17, 25, 20, 25, 0, 0, 0, 0, '19h30', '2013-11-13', 0, 0, 0, 0, 1, 0, 0),
(256, 'CF042', 'f', '2', 2, 136, 163, 0, 3, 12, 25, 24, 26, 22, 25, 0, 0, 0, 0, '20h45', '2013-11-14', 0, 0, 0, 0, 0, 0, 0),
(257, 'CF043', 'f', '2', 2, 162, 157, 3, 0, 25, 11, 25, 21, 25, 16, 0, 0, 0, 0, '19h30', '2013-11-13', 0, 0, 0, 0, 1, 0, 0),
(258, 'CF044', 'f', '2', 2, 72, 106, 3, 1, 25, 17, 23, 25, 25, 12, 25, 15, 0, 0, '20h00', '2013-11-15', 0, 0, 0, 0, 0, 0, 0),
(259, 'CF045', 'f', '2', 3, 61, 60, 3, 0, 25, 20, 25, 15, 25, 19, 0, 0, 0, 0, '19h45', '2013-11-18', 0, 0, 0, 0, 1, 0, 0),
(260, 'CF046', 'f', '2', 3, 67, 163, 0, 3, 8, 25, 15, 25, 15, 25, 0, 0, 0, 0, '20h00', '2013-12-18', 0, 0, 0, 0, 1, 0, 0),
(261, 'CF047', 'f', '2', 3, 136, 157, 3, 0, 25, 7, 25, 12, 26, 24, 0, 0, 0, 0, '20h45', '2014-01-10', 0, 0, 0, 0, 1, 0, 0),
(262, 'CF048', 'f', '2', 3, 162, 106, 3, 0, 25, 9, 25, 16, 25, 19, 0, 0, 0, 0, '19h30', '2013-11-20', 0, 0, 0, 0, 1, 0, 0),
(263, 'CF049', 'f', '2', 4, 60, 163, 0, 3, 6, 25, 12, 25, 21, 25, 0, 0, 0, 0, '19h30', '2013-11-29', 0, 0, 0, 0, 1, 0, 0),
(264, 'CF050', 'f', '2', 4, 67, 157, 3, 2, 25, 22, 13, 25, 23, 25, 25, 21, 15, 12, '20h00', '2013-11-29', 0, 0, 0, 0, 1, 0, 0),
(265, 'CF051', 'f', '2', 4, 106, 136, 0, 3, 23, 25, 17, 25, 20, 25, 0, 0, 0, 0, '20h00', '2013-11-29', 0, 0, 0, 0, 1, 0, 0),
(266, 'CF052', 'f', '2', 4, 162, 72, 3, 1, 25, 17, 29, 27, 21, 25, 25, 11, 0, 0, '19h30', '2013-11-27', 0, 0, 0, 0, 1, 0, 0),
(267, 'CF053', 'f', '2', 5, 60, 157, 3, 0, 25, 0, 25, 0, 25, 0, 0, 0, 0, 0, '19h30', '2013-12-06', 0, 0, 0, 1, 1, 0, 0),
(268, 'CF054', 'f', '2', 5, 67, 106, 3, 2, 25, 15, 27, 25, 21, 25, 11, 25, 15, 9, '20h00', '2013-12-06', 0, 0, 0, 0, 1, 0, 0),
(269, 'CF055', 'f', '2', 5, 136, 72, 2, 3, 24, 26, 25, 17, 28, 26, 19, 25, 9, 15, '20h45', '2013-12-05', 0, 0, 0, 0, 1, 0, 0),
(270, 'CF056', 'f', '2', 5, 163, 61, 3, 0, 25, 17, 25, 12, 25, 10, 0, 0, 0, 0, '19h30', '2013-12-05', 0, 0, 0, 0, 1, 0, 0),
(271, 'CF057', 'f', '2', 6, 60, 136, 1, 3, 20, 25, 25, 21, 11, 25, 19, 25, 0, 0, '19h30', '2013-12-13', 0, 0, 0, 0, 1, 0, 0),
(272, 'CF058', 'f', '2', 6, 67, 162, 0, 3, 23, 25, 13, 25, 10, 25, 0, 0, 0, 0, '20h00', '2013-12-13', 0, 0, 0, 0, 1, 0, 0),
(273, 'CF059', 'f', '2', 6, 61, 72, 0, 3, 14, 25, 11, 25, 14, 25, 0, 0, 0, 0, '19h45', '2013-12-09', 0, 0, 0, 0, 1, 0, 0),
(274, 'CF060', 'f', '2', 6, 106, 163, 0, 3, 15, 25, 12, 25, 15, 25, 0, 0, 0, 0, '20h00', '2013-12-10', 0, 0, 0, 0, 1, 0, 0),
(275, 'CF061', 'f', '2', 7, 106, 60, 0, 3, 22, 25, 10, 25, 26, 28, 0, 0, 0, 0, '20h00', '2013-12-20', 0, 0, 0, 0, 1, 0, 0),
(276, 'CF062', 'f', '2', 7, 162, 136, 0, 0, 0, 0, 0, 0, 0, 0, 0, 0, 0, 0, '19h30', '2014-01-22', 0, 0, 0, 0, 0, 1, 2),
(277, 'CF063', 'f', '2', 7, 61, 157, 3, 2, 25, 23, 21, 25, 25, 18, 15, 25, 15, 13, '19h45', '2013-12-16', 0, 0, 0, 0, 1, 0, 0),
(278, 'CF064', 'f', '2', 7, 163, 72, 3, 0, 25, 16, 25, 10, 25, 19, 0, 0, 0, 0, '19h30', '2013-12-19', 0, 0, 0, 0, 0, 0, 0),
(279, 'CF065', 'f', '2', 8, 60, 162, 0, 3, 13, 25, 12, 25, 15, 25, 0, 0, 0, 0, '19h30', '2014-01-10', 0, 0, 0, 0, 0, 0, 0),
(280, 'CF066', 'f', '2', 8, 163, 157, 3, 0, 25, 10, 25, 19, 25, 20, 0, 0, 0, 0, '19h30', '2014-01-09', 0, 0, 0, 0, 0, 0, 0),
(281, 'CF067', 'f', '2', 8, 67, 72, 1, 3, 25, 27, 25, 17, 18, 25, 25, 27, 0, 0, '20h00', '2014-01-10', 0, 0, 0, 0, 0, 0, 0),
(282, 'CF068', 'f', '2', 8, 106, 61, 3, 0, 25, 17, 25, 12, 25, 15, 0, 0, 0, 0, '20h00', '2014-01-10', 0, 0, 0, 0, 0, 0, 0),
(283, 'CF069', 'f', '2', 9, 72, 60, 0, 0, 0, 0, 0, 0, 0, 0, 0, 0, 0, 0, '20h00', '2014-01-16', 0, 0, 0, 0, 0, 0, 0),
(284, 'CF070', 'f', '2', 9, 136, 67, 3, 0, 25, 17, 25, 17, 25, 15, 0, 0, 0, 0, '20h45', '2014-01-16', 0, 0, 0, 0, 1, 0, 0),
(285, 'CF071', 'f', '2', 9, 61, 162, 0, 3, 8, 25, 3, 25, 12, 25, 0, 0, 0, 0, '19h45', '2014-01-13', 0, 0, 0, 0, 0, 0, 0),
(286, 'CF072', 'f', '2', 9, 106, 157, 0, 0, 0, 0, 0, 0, 0, 0, 0, 0, 0, 0, '20h00', '2014-01-17', 0, 0, 0, 0, 0, 0, 0),
(287, 'CM001', 'm', '1', 1, 102, 76, 3, 1, 24, 26, 25, 21, 25, 20, 25, 22, 0, 0, '20h15', '2014-01-17', 0, 0, 0, 0, 1, 0, 0),
(288, 'CM002', 'm', '1', 1, 8, 3, 3, 1, 25, 16, 20, 25, 27, 25, 25, 19, 0, 0, '20h00', '2013-11-14', 0, 0, 0, 0, 1, 0, 0),
(289, 'CM003', 'm', '1', 1, 2, 75, 3, 1, 25, 18, 25, 16, 23, 25, 25, 16, 0, 0, '19h30', '2013-11-13', 0, 0, 0, 0, 1, 0, 0),
(290, 'CM004', 'm', '1', 1, 16, 20, 3, 1, 23, 25, 25, 18, 25, 22, 25, 14, 0, 0, '20h00', '2013-11-13', 0, 0, 0, 0, 1, 0, 0),
(291, 'CM005', 'm', '1', 2, 76, 8, 3, 1, 25, 18, 25, 18, 23, 25, 27, 25, 0, 0, '19h45', '2013-11-21', 0, 0, 0, 0, 1, 0, 0),
(292, 'CM006', 'm', '1', 2, 3, 2, 0, 3, 20, 25, 16, 25, 20, 25, 0, 0, 0, 0, '20h30', '2013-11-21', 0, 0, 0, 0, 1, 0, 0),
(293, 'CM007', 'm', '1', 2, 75, 16, 3, 2, 21, 25, 25, 22, 25, 18, 22, 25, 15, 7, '20h00', '2013-11-21', 0, 0, 0, 0, 1, 0, 0),
(294, 'CM008', 'm', '1', 2, 20, 102, 1, 3, 19, 25, 25, 17, 24, 26, 15, 25, 0, 0, '20h00', '2013-11-18', 0, 0, 0, 0, 1, 0, 0),
(295, 'CM009', 'm', '1', 3, 75, 102, 3, 2, 25, 19, 25, 19, 23, 25, 23, 25, 15, 6, '20h00', '2013-11-28', 0, 0, 0, 0, 1, 0, 0),
(296, 'CM010', 'm', '1', 3, 8, 20, 1, 3, 25, 16, 17, 25, 23, 25, 17, 25, 0, 0, '20h00', '2013-11-28', 0, 0, 0, 0, 1, 0, 0),
(297, 'CM011', 'm', '1', 3, 2, 76, 3, 0, 25, 18, 25, 16, 25, 21, 0, 0, 0, 0, '19h30', '2013-11-27', 0, 0, 0, 0, 1, 0, 0),
(298, 'CM012', 'm', '1', 3, 16, 3, 3, 0, 25, 0, 25, 0, 25, 0, 0, 0, 0, 0, '20h00', '2014-01-15', 0, 0, 0, 1, 0, 0, 0),
(299, 'CM013', 'm', '1', 4, 102, 3, 3, 1, 25, 21, 23, 25, 25, 11, 25, 20, 0, 0, '20h15', '2013-12-06', 0, 0, 0, 0, 1, 0, 0),
(300, 'CM014', 'm', '1', 4, 76, 16, 3, 2, 20, 25, 25, 13, 18, 25, 25, 15, 15, 9, '19h45', '2013-12-05', 0, 0, 0, 0, 1, 0, 0),
(301, 'CM015', 'm', '1', 4, 20, 2, 1, 3, 25, 17, 19, 25, 13, 25, 20, 25, 0, 0, '20h00', '2013-12-02', 0, 0, 0, 0, 1, 0, 0),
(302, 'CM016', 'm', '1', 4, 75, 8, 3, 1, 25, 22, 25, 20, 21, 25, 25, 14, 0, 0, '20h15', '2013-12-05', 0, 0, 0, 0, 1, 0, 0),
(303, 'CM017', 'm', '1', 5, 16, 102, 2, 3, 33, 31, 25, 18, 17, 25, 17, 25, 11, 15, '20h00', '2013-12-11', 0, 0, 0, 0, 1, 0, 0),
(304, 'CM018', 'm', '1', 5, 2, 8, 3, 1, 25, 16, 25, 17, 17, 25, 25, 20, 0, 0, '19h30', '2013-12-11', 0, 0, 0, 0, 1, 0, 0),
(305, 'CM019', 'm', '1', 5, 3, 76, 0, 3, 23, 25, 18, 25, 18, 25, 0, 0, 0, 0, '20h30', '2013-12-12', 0, 0, 0, 0, 1, 0, 0),
(306, 'CM020', 'm', '1', 5, 20, 75, 1, 3, 22, 25, 13, 25, 25, 22, 17, 25, 0, 0, '20h00', '2013-12-09', 0, 0, 0, 0, 1, 0, 0),
(307, 'CM021', 'm', '1', 6, 102, 8, 3, 0, 25, 13, 25, 15, 31, 29, 0, 0, 0, 0, '20h15', '2013-12-20', 0, 0, 0, 0, 1, 0, 0),
(308, 'CM022', 'm', '1', 6, 76, 20, 3, 0, 25, 12, 25, 22, 25, 18, 0, 0, 0, 0, '19h45', '2013-12-19', 0, 0, 0, 0, 1, 0, 0),
(309, 'CM023', 'm', '1', 6, 75, 3, 3, 0, 25, 0, 25, 0, 25, 0, 0, 0, 0, 0, '20h15', '2013-12-19', 0, 0, 0, 1, 1, 0, 0),
(310, 'CM024', 'm', '1', 6, 16, 2, 1, 3, 25, 23, 20, 25, 19, 25, 21, 25, 0, 0, '20h00', '2013-12-18', 0, 0, 0, 0, 1, 0, 0),
(311, 'CM025', 'm', '1', 7, 102, 2, 0, 0, 0, 0, 0, 0, 0, 0, 0, 0, 0, 0, '20h15', '2014-01-24', 0, 0, 0, 0, 0, 1, 0),
(312, 'CM026', 'm', '1', 7, 3, 20, 0, 3, 18, 25, 22, 25, 22, 25, 0, 0, 0, 0, '20h30', '2014-01-09', 0, 0, 0, 0, 1, 0, 0),
(313, 'CM027', 'm', '1', 7, 8, 16, 1, 3, 18, 25, 26, 24, 23, 25, 12, 25, 0, 0, '20h00', '2014-01-09', 0, 0, 0, 0, 1, 0, 0),
(314, 'CM028', 'm', '1', 7, 76, 75, 3, 1, 21, 25, 25, 14, 25, 19, 25, 23, 0, 0, '19h45', '2014-01-09', 0, 0, 0, 0, 1, 0, 0),
(315, 'CM029', 'm', '2', 1, 37, 5, 1, 3, 21, 25, 22, 25, 25, 14, 21, 25, 0, 0, '20h00', '2013-11-15', 0, 0, 0, 0, 1, 0, 0),
(316, 'CM030', 'm', '2', 1, 19, 7, 3, 0, 25, 22, 25, 17, 25, 23, 0, 0, 0, 0, '19h45', '2014-01-13', 0, 0, 0, 0, 1, 0, 0),
(317, 'CM031', 'm', '2', 1, 14, 39, 3, 2, 13, 25, 23, 25, 25, 17, 25, 22, 15, 12, '20h45', '2013-11-13', 0, 0, 0, 0, 1, 0, 0),
(318, 'CM032', 'm', '2', 1, 11, 1, 2, 3, 25, 23, 19, 25, 25, 23, 13, 25, 16, 18, '20h40', '2013-11-15', 0, 0, 0, 0, 1, 0, 0),
(319, 'CM033', 'm', '2', 2, 5, 7, 2, 3, 18, 25, 25, 12, 25, 22, 18, 25, 13, 15, '20h00', '2013-11-19', 0, 0, 0, 0, 1, 0, 0),
(320, 'CM034', 'm', '2', 2, 19, 14, 3, 2, 25, 16, 25, 20, 22, 25, 19, 25, 15, 13, '19h45', '2013-11-18', 0, 0, 0, 0, 1, 0, 0),
(321, 'CM035', 'm', '2', 2, 39, 1, 1, 3, 27, 25, 23, 25, 18, 25, 15, 25, 0, 0, '20h45', '2013-11-20', 0, 0, 0, 0, 1, 0, 0),
(322, 'CM036', 'm', '2', 2, 37, 11, 1, 3, 21, 25, 23, 25, 25, 22, 23, 25, 0, 0, '20h00', '2013-11-22', 0, 0, 0, 0, 1, 0, 0),
(323, 'CM037', 'm', '2', 3, 37, 39, 2, 3, 29, 27, 25, 17, 21, 25, 14, 25, 6, 15, '20h45', '2014-01-15', 0, 0, 0, 0, 1, 0, 1),
(324, 'CM038', 'm', '2', 3, 7, 11, 3, 2, 20, 25, 26, 24, 25, 11, 18, 25, 18, 16, '20h00', '2013-11-26', 0, 0, 0, 0, 1, 0, 0),
(325, 'CM039', 'm', '2', 3, 14, 5, 1, 3, 15, 25, 25, 21, 24, 26, 21, 25, 0, 0, '20h45', '2013-11-27', 0, 0, 0, 0, 1, 0, 0),
(326, 'CM040', 'm', '2', 3, 1, 19, 3, 1, 29, 27, 12, 25, 25, 18, 25, 22, 0, 0, '20h30', '2013-11-26', 0, 0, 0, 0, 1, 0, 0),
(327, 'CM041', 'm', '2', 4, 19, 37, 2, 3, 25, 17, 18, 25, 15, 25, 25, 23, 5, 15, '19h45', '2013-12-02', 0, 0, 0, 0, 1, 0, 0),
(328, 'CM042', 'm', '2', 4, 1, 5, 1, 3, 21, 25, 21, 25, 25, 18, 23, 25, 0, 0, '20h30', '2013-12-03', 0, 0, 0, 0, 1, 0, 0),
(329, 'CM043', 'm', '2', 4, 11, 14, 3, 0, 25, 15, 25, 17, 25, 16, 0, 0, 0, 0, '20h40', '2013-12-06', 0, 0, 0, 0, 1, 0, 0),
(330, 'CM044', 'm', '2', 4, 39, 7, 3, 0, 25, 17, 25, 19, 25, 15, 0, 0, 0, 0, '20h45', '2013-12-04', 0, 0, 0, 0, 1, 0, 0),
(331, 'CM045', 'm', '2', 5, 1, 37, 1, 3, 21, 25, 25, 23, 23, 25, 19, 25, 0, 0, '20h30', '2013-12-10', 0, 0, 0, 0, 1, 0, 0),
(332, 'CM046', 'm', '2', 5, 7, 14, 3, 2, 23, 25, 25, 17, 25, 20, 24, 26, 15, 13, '20h00', '2013-12-11', 0, 0, 0, 0, 1, 0, 0),
(333, 'CM047', 'm', '2', 5, 5, 19, 3, 1, 25, 13, 21, 25, 25, 22, 25, 21, 0, 0, '20h00', '2014-01-15', 0, 0, 0, 0, 1, 0, 0),
(334, 'CM048', 'm', '2', 5, 11, 39, 2, 3, 25, 21, 22, 25, 25, 23, 22, 25, 11, 15, '20h40', '2013-12-13', 0, 0, 0, 0, 1, 0, 0),
(335, 'CM049', 'm', '2', 6, 7, 37, 3, 0, 26, 24, 25, 21, 25, 20, 0, 0, 0, 0, '20h00', '2013-12-17', 0, 0, 0, 0, 1, 0, 0),
(336, 'CM050', 'm', '2', 6, 11, 5, 1, 3, 23, 25, 31, 29, 22, 25, 21, 25, 0, 0, '20h40', '2013-12-20', 0, 0, 0, 0, 1, 0, 0),
(337, 'CM051', 'm', '2', 6, 39, 19, 3, 1, 21, 25, 25, 18, 25, 21, 27, 25, 0, 0, '20h45', '2013-12-18', 0, 0, 0, 0, 1, 0, 0),
(338, 'CM052', 'm', '2', 6, 1, 14, 3, 0, 25, 13, 25, 23, 25, 22, 0, 0, 0, 0, '20h30', '2013-12-17', 0, 0, 0, 0, 1, 0, 0),
(339, 'CM053', 'm', '2', 7, 14, 37, 3, 1, 25, 21, 17, 25, 25, 22, 25, 22, 0, 0, '20h45', '2014-01-08', 0, 0, 0, 0, 1, 0, 0),
(340, 'CM054', 'm', '2', 7, 19, 11, 2, 3, 26, 24, 18, 25, 25, 23, 24, 26, 12, 15, '19h45', '2014-01-06', 0, 0, 0, 0, 1, 0, 0),
(341, 'CM055', 'm', '2', 7, 1, 7, 3, 0, 25, 18, 25, 20, 25, 8, 0, 0, 0, 0, '20h30', '2014-01-07', 0, 0, 0, 0, 1, 0, 0),
(342, 'CM056', 'm', '2', 7, 5, 39, 3, 2, 21, 25, 25, 13, 23, 25, 25, 23, 15, 8, '20h00', '2014-01-08', 0, 0, 0, 0, 1, 0, 0),
(343, 'CM057', 'm', '3', 1, 36, 45, 3, 1, 22, 25, 25, 18, 25, 21, 25, 22, 0, 0, '20h00', '2013-11-15', 0, 0, 0, 0, 1, 0, 0),
(344, 'CM058', 'm', '3', 1, 43, 4, 3, 2, 23, 25, 22, 25, 25, 13, 25, 20, 15, 13, '20h00', '2013-11-14', 0, 0, 0, 0, 1, 0, 0),
(345, 'CM059', 'm', '3', 1, 21, 131, 1, 3, 9, 25, 22, 25, 25, 23, 21, 25, 0, 0, '20h30', '2013-11-12', 0, 0, 0, 0, 1, 0, 0),
(346, 'CM060', 'm', '3', 1, 132, 158, 0, 3, 13, 25, 21, 25, 17, 25, 0, 0, 0, 0, '20h00', '2013-11-15', 0, 0, 0, 0, 1, 0, 0),
(347, 'CM061', 'm', '3', 2, 45, 4, 0, 3, 17, 25, 27, 29, 22, 25, 0, 0, 0, 0, '20h00', '2013-11-22', 0, 0, 0, 0, 1, 0, 0),
(348, 'CM062', 'm', '3', 2, 21, 43, 0, 3, 14, 25, 23, 25, 25, 27, 0, 0, 0, 0, '20h30', '2014-01-16', 0, 0, 0, 0, 0, 0, 0),
(349, 'CM063', 'm', '3', 2, 158, 131, 3, 1, 25, 20, 22, 25, 25, 22, 25, 23, 0, 0, '19h30', '2013-11-21', 0, 0, 0, 0, 1, 0, 0),
(350, 'CM064', 'm', '3', 2, 36, 132, 3, 1, 22, 25, 25, 18, 25, 21, 25, 20, 0, 0, '20h00', '2013-11-22', 0, 0, 0, 0, 1, 0, 0),
(351, 'CM065', 'm', '3', 3, 131, 36, 3, 0, 25, 14, 25, 17, 25, 21, 0, 0, 0, 0, '20h00', '2013-11-28', 0, 0, 0, 0, 1, 0, 0),
(352, 'CM066', 'm', '3', 3, 132, 4, 1, 3, 21, 25, 25, 23, 21, 25, 18, 25, 0, 0, '20h00', '2013-11-29', 0, 0, 0, 0, 1, 0, 0),
(353, 'CM067', 'm', '3', 3, 21, 45, 3, 1, 25, 15, 25, 19, 20, 25, 25, 22, 0, 0, '20h30', '2013-11-26', 0, 0, 0, 0, 1, 0, 0),
(354, 'CM068', 'm', '3', 3, 158, 43, 1, 3, 20, 25, 19, 25, 25, 16, 19, 25, 0, 0, '19h30', '2013-11-28', 0, 0, 0, 0, 1, 0, 0),
(355, 'CM069', 'm', '3', 4, 43, 36, 3, 0, 25, 13, 25, 16, 25, 19, 0, 0, 0, 0, '20h00', '2013-12-05', 0, 0, 0, 0, 1, 0, 0),
(356, 'CM070', 'm', '3', 4, 45, 158, 0, 3, 24, 26, 19, 25, 21, 25, 0, 0, 0, 0, '20h00', '2013-12-09', 0, 0, 0, 0, 1, 0, 0),
(357, 'CM071', 'm', '3', 4, 132, 21, 0, 3, 19, 25, 13, 25, 21, 25, 0, 0, 0, 0, '20h00', '2013-12-06', 0, 0, 0, 0, 1, 0, 0),
(358, 'CM072', 'm', '3', 4, 4, 131, 1, 3, 25, 27, 14, 25, 25, 14, 19, 25, 0, 0, '20h15', '2013-12-02', 0, 0, 0, 0, 1, 0, 0),
(359, 'CM073', 'm', '3', 5, 158, 36, 3, 0, 25, 23, 25, 14, 25, 17, 0, 0, 0, 0, '19h30', '2013-12-12', 0, 0, 0, 0, 1, 0, 0),
(360, 'CM074', 'm', '3', 5, 4, 21, 3, 1, 25, 20, 16, 25, 25, 20, 26, 24, 0, 0, '20h15', '2013-12-09', 0, 0, 0, 0, 1, 0, 0),
(361, 'CM075', 'm', '3', 5, 43, 45, 3, 1, 18, 25, 25, 14, 25, 13, 25, 19, 0, 0, '20h00', '2013-12-12', 0, 0, 0, 0, 1, 0, 0),
(362, 'CM076', 'm', '3', 5, 131, 132, 3, 0, 25, 0, 25, 0, 25, 0, 0, 0, 0, 0, '20h15', '2013-12-12', 0, 0, 0, 1, 1, 0, 0),
(363, 'CM077', 'm', '3', 6, 36, 4, 2, 3, 26, 24, 25, 15, 14, 25, 12, 25, 13, 15, '20h00', '2014-01-17', 0, 0, 0, 0, 0, 0, 0),
(364, 'CM078', 'm', '3', 6, 45, 132, 3, 0, 25, 20, 25, 20, 25, 21, 0, 0, 0, 0, '20h00', '2013-12-20', 0, 0, 0, 0, 0, 0, 0),
(365, 'CM079', 'm', '3', 6, 131, 43, 3, 1, 25, 16, 24, 26, 25, 19, 25, 22, 0, 0, '20h15', '2013-12-19', 0, 0, 0, 0, 1, 0, 0),
(366, 'CM080', 'm', '3', 6, 21, 158, 0, 3, 18, 25, 20, 25, 17, 25, 0, 0, 0, 0, '20h30', '2014-01-07', 0, 0, 0, 0, 0, 0, 1),
(367, 'CM081', 'm', '3', 7, 36, 21, 3, 1, 21, 25, 27, 25, 25, 13, 25, 18, 0, 0, '20h00', '2014-01-10', 0, 0, 0, 0, 1, 0, 0),
(368, 'CM082', 'm', '3', 7, 132, 43, 1, 3, 16, 25, 25, 9, 13, 25, 21, 25, 0, 0, '20h00', '2014-01-10', 0, 0, 0, 0, 1, 0, 0),
(369, 'CM083', 'm', '3', 7, 4, 158, 0, 3, 16, 25, 20, 25, 22, 25, 0, 0, 0, 0, '20h15', '2014-01-06', 0, 0, 0, 0, 0, 0, 0),
(370, 'CM084', 'm', '3', 7, 45, 131, 0, 3, 23, 25, 26, 28, 16, 25, 0, 0, 0, 0, '20h00', '2014-01-10', 0, 0, 0, 0, 1, 0, 0),
(371, 'CM085', 'm', '4', 1, 9, 41, 0, 3, 22, 25, 8, 25, 21, 25, 0, 0, 0, 0, '20h30', '2013-11-15', 0, 0, 0, 0, 1, 0, 0),
(372, 'CM086', 'm', '4', 1, 32, 77, 3, 2, 25, 21, 25, 20, 16, 25, 22, 25, 15, 13, '20h30', '2013-11-12', 0, 0, 0, 0, 1, 0, 0),
(373, 'CM087', 'm', '4', 1, 54, 30, 3, 0, 25, 16, 25, 19, 25, 15, 0, 0, 0, 0, '20h00', '2013-11-15', 0, 0, 0, 0, 1, 0, 0),
(374, 'CM088', 'm', '4', 2, 77, 9, 3, 0, 25, 23, 25, 18, 28, 26, 0, 0, 0, 0, '20h00', '2014-01-16', 0, 0, 0, 0, 0, 0, 0),
(375, 'CM089', 'm', '4', 2, 32, 54, 3, 1, 25, 16, 20, 25, 25, 19, 25, 15, 0, 0, '20h30', '2013-11-19', 0, 0, 0, 0, 1, 0, 0),
(376, 'CM090', 'm', '4', 2, 79, 30, 3, 0, 25, 20, 25, 11, 25, 23, 0, 0, 0, 0, '19h45', '2013-11-20', 0, 0, 0, 0, 1, 0, 0),
(377, 'CM091', 'm', '4', 3, 41, 30, 3, 0, 25, 22, 25, 16, 25, 12, 0, 0, 0, 0, '19h45', '2013-11-25', 0, 0, 0, 0, 1, 0, 0),
(378, 'CM092', 'm', '4', 3, 54, 9, 3, 0, 25, 8, 25, 15, 25, 22, 0, 0, 0, 0, '20h00', '2013-11-29', 0, 0, 0, 0, 0, 0, 0),
(379, 'CM093', 'm', '4', 3, 79, 32, 3, 1, 25, 11, 24, 26, 25, 15, 25, 23, 0, 0, '19h45', '2013-11-27', 0, 0, 0, 0, 1, 0, 0),
(380, 'CM094', 'm', '4', 4, 32, 41, 1, 3, 18, 25, 20, 25, 27, 25, 15, 25, 0, 0, '20h30', '2013-12-03', 0, 0, 0, 0, 1, 0, 0),
(381, 'CM095', 'm', '4', 4, 9, 79, 2, 3, 28, 26, 14, 25, 17, 25, 25, 19, 12, 15, '20h30', '2013-12-06', 0, 0, 0, 0, 1, 0, 0),
(382, 'CM096', 'm', '4', 4, 30, 77, 0, 3, 18, 25, 19, 25, 16, 25, 0, 0, 0, 0, '20h15', '2013-12-04', 0, 0, 0, 0, 1, 0, 0),
(383, 'CM097', 'm', '4', 5, 41, 79, 1, 3, 25, 13, 20, 25, 16, 25, 17, 25, 0, 0, '19h45', '2013-12-09', 0, 0, 0, 0, 1, 0, 0),
(384, 'CM098', 'm', '4', 5, 54, 77, 3, 0, 25, 23, 25, 19, 25, 17, 0, 0, 0, 0, '20h00', '2013-12-13', 0, 0, 0, 0, 0, 0, 0),
(385, 'CM099', 'm', '4', 5, 9, 32, 1, 3, 22, 25, 23, 25, 25, 19, 19, 25, 0, 0, '20h30', '2013-12-13', 0, 0, 0, 0, 1, 0, 0),
(386, 'CM100', 'm', '4', 6, 77, 41, 1, 3, 25, 27, 21, 25, 25, 17, 24, 26, 0, 0, '20h00', '2013-12-19', 0, 0, 0, 0, 0, 0, 0),
(387, 'CM101', 'm', '4', 6, 30, 32, 3, 2, 22, 25, 26, 24, 25, 15, 19, 25, 16, 14, '20h15', '2013-12-18', 0, 0, 0, 0, 1, 0, 0),
(388, 'CM102', 'm', '4', 6, 79, 54, 1, 3, 25, 19, 16, 25, 13, 25, 18, 25, 0, 0, '19h45', '2013-12-18', 0, 0, 0, 0, 0, 0, 0),
(389, 'CM103', 'm', '4', 7, 41, 54, 2, 3, 25, 27, 25, 18, 25, 16, 13, 25, 8, 15, '19h45', '2014-01-06', 0, 0, 0, 0, 1, 0, 0),
(390, 'CM104', 'm', '4', 7, 77, 79, 3, 1, 25, 19, 25, 14, 12, 25, 25, 23, 0, 0, '20h00', '2014-01-09', 0, 0, 0, 0, 1, 0, 0),
(391, 'CM105', 'm', '4', 7, 30, 9, 1, 3, 16, 25, 19, 25, 25, 22, 18, 25, 0, 0, '20h15', '2014-01-08', 0, 0, 0, 0, 1, 0, 0),
(392, 'CM106', 'm', '5', 1, 80, 103, 0, 3, 18, 25, 18, 25, 12, 25, 0, 0, 0, 0, '20h30', '2013-11-14', 0, 0, 0, 0, 1, 0, 0),
(393, 'CM107', 'm', '5', 1, 26, 28, 3, 2, 25, 22, 25, 11, 19, 25, 19, 25, 15, 8, '20h00', '2013-11-12', 0, 0, 0, 0, 1, 0, 0),
(394, 'CM108', 'm', '5', 1, 101, 130, 1, 3, 25, 22, 21, 25, 19, 25, 13, 25, 0, 0, '19h45', '2014-01-13', 0, 0, 0, 0, 1, 0, 0),
(395, 'CM109', 'm', '5', 1, 164, 105, 0, 3, 11, 25, 5, 25, 8, 25, 0, 0, 0, 0, '20h00', '2013-11-12', 0, 0, 0, 0, 1, 0, 0),
(396, 'CM110', 'm', '5', 2, 80, 26, 3, 0, 25, 16, 25, 21, 25, 22, 0, 0, 0, 0, '20h30', '2013-11-21', 0, 0, 0, 0, 1, 0, 0),
(397, 'CM111', 'm', '5', 2, 28, 101, 3, 0, 25, 21, 25, 18, 25, 19, 0, 0, 0, 0, '20h15', '2013-11-18', 0, 0, 0, 0, 1, 0, 0),
(398, 'CM112', 'm', '5', 2, 130, 105, 3, 0, 25, 13, 25, 19, 25, 21, 0, 0, 0, 0, '20h00', '2014-01-21', 0, 0, 0, 0, 0, 0, 2),
(399, 'CM113', 'm', '5', 2, 164, 103, 0, 3, 6, 25, 11, 25, 9, 25, 0, 0, 0, 0, '20h00', '2013-11-19', 0, 0, 0, 0, 1, 0, 0),
(400, 'CM114', 'm', '5', 3, 103, 130, 0, 3, 23, 25, 22, 25, 18, 25, 0, 0, 0, 0, '20h15', '2013-11-29', 0, 0, 0, 0, 1, 0, 0),
(401, 'CM115', 'm', '5', 3, 164, 26, 0, 3, 15, 25, 6, 25, 7, 25, 0, 0, 0, 0, '20h00', '2013-11-26', 0, 0, 0, 0, 1, 0, 0),
(402, 'CM116', 'm', '5', 3, 101, 80, 3, 1, 19, 25, 25, 23, 25, 22, 28, 26, 0, 0, '19h45', '2014-01-06', 0, 0, 0, 0, 1, 0, 0),
(403, 'CM117', 'm', '5', 3, 28, 105, 2, 3, 19, 25, 16, 25, 25, 13, 27, 25, 14, 16, '20h15', '2013-11-25', 0, 0, 0, 0, 1, 0, 0),
(404, 'CM118', 'm', '5', 4, 28, 103, 1, 3, 25, 17, 20, 25, 12, 25, 22, 25, 0, 0, '20h15', '2013-12-02', 0, 0, 0, 0, 1, 0, 0),
(405, 'CM119', 'm', '5', 4, 80, 105, 2, 3, 19, 25, 17, 25, 25, 19, 25, 17, 12, 15, '20h30', '2013-12-05', 0, 0, 0, 0, 1, 0, 0),
(406, 'CM120', 'm', '5', 4, 164, 101, 0, 3, 14, 25, 11, 25, 16, 25, 0, 0, 0, 0, '20h00', '2013-12-03', 0, 0, 0, 0, 0, 0, 0),
(407, 'CM121', 'm', '5', 4, 26, 130, 1, 3, 19, 25, 25, 23, 25, 27, 22, 25, 0, 0, '20h00', '2013-12-03', 0, 0, 0, 0, 1, 0, 0),
(408, 'CM122', 'm', '5', 5, 103, 105, 3, 2, 25, 21, 14, 25, 19, 25, 25, 20, 20, 18, '20h15', '2013-12-13', 0, 0, 0, 0, 1, 0, 0),
(409, 'CM123', 'm', '5', 5, 101, 26, 3, 1, 25, 21, 25, 14, 14, 25, 25, 15, 0, 0, '19h45', '2013-12-09', 0, 0, 0, 0, 1, 0, 0),
(410, 'CM124', 'm', '5', 5, 28, 80, 3, 1, 19, 25, 25, 21, 25, 13, 25, 21, 0, 0, '20h15', '2013-12-09', 0, 0, 0, 0, 1, 0, 0),
(411, 'CM125', 'm', '5', 5, 164, 130, 0, 3, 9, 25, 7, 25, 12, 25, 0, 0, 0, 0, '20h00', '2013-12-09', 0, 0, 0, 0, 1, 0, 0),
(412, 'CM126', 'm', '5', 6, 26, 103, 1, 3, 26, 24, 21, 25, 16, 25, 13, 25, 0, 0, '20h00', '2013-12-18', 0, 0, 0, 0, 1, 0, 0),
(413, 'CM127', 'm', '5', 6, 80, 164, 3, 0, 25, 9, 25, 16, 25, 21, 0, 0, 0, 0, '20h00', '2013-12-17', 0, 0, 0, 0, 1, 0, 0),
(414, 'CM128', 'm', '5', 6, 28, 130, 0, 3, 15, 25, 19, 25, 20, 25, 0, 0, 0, 0, '20h15', '2013-12-16', 0, 0, 0, 0, 1, 0, 0),
(415, 'CM129', 'm', '5', 6, 101, 105, 1, 3, 16, 25, 25, 22, 22, 25, 11, 25, 0, 0, '19h45', '2013-12-16', 0, 0, 0, 0, 1, 0, 1),
(416, 'CM130', 'm', '5', 7, 103, 101, 0, 0, 0, 0, 0, 0, 0, 0, 0, 0, 0, 0, '20h15', '2014-01-17', 0, 0, 0, 0, 0, 1, 0),
(417, 'CM131', 'm', '5', 7, 28, 164, 3, 0, 25, 16, 25, 11, 25, 12, 0, 0, 0, 0, '20h15', '2014-01-06', 0, 0, 0, 0, 1, 0, 0),
(418, 'CM132', 'm', '5', 7, 26, 105, 2, 3, 25, 21, 13, 25, 18, 25, 25, 21, 11, 15, '20h00', '2014-01-07', 0, 0, 0, 0, 1, 0, 0),
(419, 'CM133', 'm', '5', 7, 80, 130, 0, 3, 17, 25, 8, 25, 22, 25, 0, 0, 0, 0, '20h30', '2014-01-16', 0, 0, 0, 0, 1, 0, 0),
(420, 'CM134', 'm', '6', 1, 52, 47, 3, 2, 25, 22, 25, 13, 17, 25, 23, 25, 15, 13, '20h00', '2013-11-15', 0, 0, 0, 0, 1, 0, 0),
(421, 'CM135', 'm', '6', 1, 78, 81, 3, 0, 25, 16, 25, 16, 25, 19, 0, 0, 0, 0, '20h00', '2013-11-15', 0, 0, 0, 0, 1, 0, 0),
(422, 'CM136', 'm', '6', 1, 49, 33, 0, 3, 16, 25, 17, 25, 23, 25, 0, 0, 0, 0, '19h30', '2013-11-12', 0, 0, 0, 0, 0, 0, 0),
(423, 'CM137', 'm', '6', 1, 13, 134, 3, 2, 21, 25, 25, 17, 25, 22, 15, 25, 15, 12, '20h00', '2013-11-14', 0, 0, 0, 0, 1, 0, 0),
(424, 'CM138', 'm', '6', 2, 47, 78, 0, 3, 21, 25, 12, 25, 18, 25, 0, 0, 0, 0, '20h00', '2013-11-22', 0, 0, 0, 0, 1, 0, 0),
(425, 'CM139', 'm', '6', 2, 81, 49, 3, 1, 25, 13, 16, 25, 25, 21, 25, 12, 0, 0, '20h45', '2013-11-20', 0, 0, 0, 0, 1, 0, 0),
(426, 'CM140', 'm', '6', 2, 33, 13, 0, 3, 11, 25, 22, 25, 13, 25, 0, 0, 0, 0, '20h40', '2013-11-22', 0, 0, 0, 0, 1, 0, 0),
(427, 'CM141', 'm', '6', 2, 134, 52, 3, 0, 25, 18, 25, 19, 25, 22, 0, 0, 0, 0, '20h00', '2014-01-17', 0, 0, 0, 0, 1, 0, 0),
(428, 'CM142', 'm', '6', 3, 52, 33, 1, 3, 25, 18, 16, 25, 25, 27, 23, 25, 0, 0, '20h00', '2013-11-29', 0, 0, 0, 0, 1, 0, 0),
(429, 'CM143', 'm', '6', 3, 134, 78, 1, 3, 23, 25, 18, 25, 27, 25, 22, 25, 0, 0, '20h00', '2013-11-29', 0, 0, 0, 0, 1, 0, 0),
(430, 'CM144', 'm', '6', 3, 49, 47, 3, 2, 25, 13, 21, 25, 25, 23, 23, 25, 20, 18, '19h30', '2013-11-26', 0, 0, 0, 0, 1, 0, 1),
(431, 'CM145', 'm', '6', 3, 13, 81, 3, 0, 25, 22, 25, 22, 25, 17, 0, 0, 0, 0, '20h00', '2013-11-28', 0, 0, 0, 0, 1, 0, 0),
(432, 'CM146', 'm', '6', 4, 81, 52, 3, 1, 25, 20, 25, 16, 27, 29, 25, 20, 0, 0, '20h45', '2013-12-04', 0, 0, 0, 0, 1, 0, 0),
(433, 'CM147', 'm', '6', 4, 47, 13, 0, 3, 20, 25, 8, 25, 24, 26, 0, 0, 0, 0, '20h00', '2013-12-06', 0, 0, 0, 0, 1, 0, 0),
(434, 'CM148', 'm', '6', 4, 134, 49, 3, 0, 25, 15, 25, 17, 25, 17, 0, 0, 0, 0, '20h00', '2013-12-06', 0, 0, 0, 0, 1, 0, 0),
(435, 'CM149', 'm', '6', 4, 78, 33, 3, 0, 25, 17, 25, 11, 25, 11, 0, 0, 0, 0, '20h00', '2013-12-06', 0, 0, 0, 0, 1, 0, 0),
(436, 'CM150', 'm', '6', 5, 52, 13, 0, 3, 21, 25, 15, 25, 23, 25, 0, 0, 0, 0, '20h00', '2013-12-13', 0, 0, 0, 0, 1, 0, 0),
(437, 'CM151', 'm', '6', 5, 49, 78, 0, 3, 19, 25, 8, 25, 20, 25, 0, 0, 0, 0, '19h30', '2013-12-10', 0, 0, 0, 0, 1, 0, 1),
(438, 'CM152', 'm', '6', 5, 81, 47, 2, 3, 25, 17, 25, 15, 22, 25, 21, 25, 18, 20, '20h45', '2013-12-11', 0, 0, 0, 0, 1, 0, 0),
(439, 'CM153', 'm', '6', 5, 134, 33, 3, 2, 25, 17, 24, 26, 18, 25, 25, 15, 15, 10, '20h00', '2013-12-13', 0, 0, 0, 0, 1, 0, 0),
(440, 'CM154', 'm', '6', 6, 78, 52, 3, 1, 25, 14, 25, 22, 20, 25, 25, 22, 0, 0, '20h00', '2013-12-20', 0, 0, 0, 0, 1, 0, 0),
(441, 'CM155', 'm', '6', 6, 47, 134, 0, 3, 10, 25, 16, 25, 17, 25, 0, 0, 0, 0, '20h00', '2013-12-20', 0, 1, 0, 0, 1, 0, 0),
(442, 'CM156', 'm', '6', 6, 33, 81, 0, 3, 21, 25, 21, 25, 20, 25, 0, 0, 0, 0, '20h40', '2013-12-20', 0, 0, 0, 0, 1, 0, 0),
(443, 'CM157', 'm', '6', 6, 13, 49, 3, 0, 25, 17, 25, 6, 25, 22, 0, 0, 0, 0, '20h00', '2013-12-19', 0, 0, 0, 0, 1, 0, 0),
(444, 'CM158', 'm', '6', 7, 52, 49, 3, 0, 25, 14, 25, 21, 25, 18, 0, 0, 0, 0, '20h00', '2014-01-10', 0, 0, 0, 0, 1, 0, 0),
(445, 'CM159', 'm', '6', 7, 81, 134, 1, 3, 13, 25, 15, 25, 25, 23, 23, 25, 0, 0, '20h30', '2014-01-10', 0, 0, 0, 0, 1, 0, 0),
(446, 'CM160', 'm', '6', 7, 78, 13, 3, 0, 25, 19, 25, 12, 25, 17, 0, 0, 0, 0, '20h00', '2014-01-10', 0, 0, 0, 0, 1, 0, 0),
(447, 'CM161', 'm', '6', 7, 33, 47, 1, 3, 21, 25, 25, 23, 17, 25, 27, 29, 0, 0, '20h40', '2014-01-10', 0, 0, 0, 0, 1, 0, 0),
(448, 'CM162', 'm', '7', 1, 22, 50, 3, 0, 25, 23, 25, 16, 25, 17, 0, 0, 0, 0, '20h00', '2013-11-14', 0, 0, 0, 0, 1, 0, 0),
(449, 'CM163', 'm', '7', 1, 24, 133, 0, 3, 14, 25, 17, 25, 23, 25, 0, 0, 0, 0, '19h00', '2013-11-15', 0, 0, 0, 0, 1, 0, 0),
(450, 'CM164', 'm', '7', 1, 55, 156, 3, 0, 25, 22, 25, 14, 25, 23, 0, 0, 0, 0, '20h00', '2013-11-15', 0, 0, 0, 0, 1, 0, 0),
(451, 'CM165', 'm', '7', 1, 34, 159, 0, 3, 17, 25, 21, 25, 23, 25, 0, 0, 0, 0, '20h00', '2013-11-13', 0, 0, 0, 0, 1, 0, 0),
(453, 'CM167', 'm', '7', 2, 55, 24, 3, 1, 25, 15, 13, 25, 25, 22, 25, 22, 0, 0, '20h00', '2014-01-13', 0, 0, 0, 0, 0, 0, 0),
(454, 'CM168', 'm', '7', 2, 34, 156, 3, 0, 25, 14, 25, 21, 25, 20, 0, 0, 0, 0, '20h00', '2013-12-09', 0, 0, 0, 0, 1, 0, 0),
(455, 'CM169', 'm', '7', 2, 159, 22, 3, 0, 25, 10, 25, 22, 25, 9, 0, 0, 0, 0, '21h00', '2013-11-20', 0, 0, 0, 0, 1, 0, 0),
(456, 'CM170', 'm', '7', 3, 22, 156, 3, 1, 21, 25, 25, 20, 25, 22, 25, 19, 0, 0, '20h00', '2013-11-28', 0, 0, 0, 0, 1, 0, 0),
(457, 'CM171', 'm', '7', 3, 159, 133, 3, 0, 25, 15, 25, 14, 25, 17, 0, 0, 0, 0, '21h00', '2013-11-27', 0, 0, 0, 0, 1, 0, 0),
(458, 'CM172', 'm', '7', 3, 55, 50, 3, 1, 28, 26, 25, 18, 20, 25, 25, 20, 0, 0, '20h00', '2013-11-29', 0, 0, 0, 0, 1, 0, 0),
(459, 'CM173', 'm', '7', 3, 24, 34, 1, 3, 23, 25, 17, 25, 25, 12, 19, 25, 0, 0, '19h00', '2013-11-29', 0, 0, 0, 0, 1, 0, 0),
(461, 'CM175', 'm', '7', 4, 50, 34, 1, 3, 17, 25, 25, 21, 10, 25, 10, 25, 0, 0, '19h30', '2013-12-05', 0, 0, 0, 0, 1, 0, 0),
(462, 'CM176', 'm', '7', 4, 159, 55, 3, 0, 25, 16, 25, 18, 25, 15, 0, 0, 0, 0, '21h00', '2013-12-04', 0, 0, 0, 0, 0, 0, 0),
(463, 'CM177', 'm', '7', 4, 133, 156, 3, 0, 25, 18, 25, 12, 25, 18, 0, 0, 0, 0, '20h00', '2013-12-02', 0, 0, 0, 0, 0, 0, 0),
(464, 'CM178', 'm', '7', 5, 34, 22, 3, 2, 24, 26, 25, 6, 25, 10, 19, 25, 16, 14, '20h00', '2013-12-11', 0, 0, 0, 0, 1, 0, 0),
(465, 'CM179', 'm', '7', 5, 55, 133, 3, 1, 25, 23, 22, 25, 26, 24, 25, 22, 0, 0, '20h00', '2013-12-13', 0, 0, 0, 0, 1, 0, 0),
(466, 'CM180', 'm', '7', 5, 50, 24, 0, 3, 18, 25, 12, 25, 21, 25, 0, 0, 0, 0, '19h30', '2013-12-12', 0, 0, 0, 0, 1, 0, 0),
(467, 'CM181', 'm', '7', 5, 159, 156, 3, 2, 23, 25, 25, 16, 25, 16, 17, 25, 15, 4, '21h00', '2013-12-11', 0, 0, 0, 0, 1, 0, 0),
(468, 'CM182', 'm', '7', 6, 133, 22, 3, 2, 25, 23, 25, 19, 17, 25, 13, 25, 16, 14, '20h00', '2013-12-16', 0, 0, 0, 0, 1, 0, 1),
(469, 'CM183', 'm', '7', 6, 50, 159, 0, 3, 17, 25, 20, 25, 22, 25, 0, 0, 0, 0, '19h45', '2013-12-16', 0, 0, 0, 0, 1, 0, 0),
(470, 'CM184', 'm', '7', 6, 24, 156, 3, 0, 25, 19, 25, 17, 25, 15, 0, 0, 0, 0, '19h00', '2014-01-17', 0, 0, 0, 0, 0, 0, 2),
(471, 'CM185', 'm', '7', 6, 34, 55, 3, 0, 25, 17, 25, 22, 25, 15, 0, 0, 0, 0, '20h00', '2013-12-18', 0, 0, 0, 0, 1, 0, 0),
(472, 'CM186', 'm', '7', 7, 22, 55, 3, 0, 25, 18, 25, 15, 25, 14, 0, 0, 0, 0, '20h00', '2014-01-09', 0, 0, 0, 0, 1, 0, 0),
(473, 'CM187', 'm', '7', 7, 24, 159, 1, 3, 22, 25, 18, 25, 25, 22, 11, 25, 0, 0, '19h00', '2014-01-10', 0, 0, 0, 0, 1, 0, 0),
(474, 'CM188', 'm', '7', 7, 133, 34, 3, 1, 25, 22, 19, 25, 25, 17, 26, 24, 0, 0, '20h00', '2014-01-06', 0, 0, 0, 0, 1, 0, 0),
(475, 'CM189', 'm', '7', 7, 50, 156, 2, 3, 25, 20, 21, 25, 19, 25, 25, 18, 10, 15, '19h45', '2014-01-06', 0, 0, 0, 0, 0, 0, 0),
(476, 'CM166', 'm', '7', 2, 133, 50, 3, 0, 25, 13, 25, 19, 25, 19, 0, 0, 0, 0, '20h00', '2013-11-18', 0, 0, 0, 0, 1, 0, 0),
(477, 'CM174', 'm', '7', 4, 24, 22, 3, 1, 25, 16, 17, 25, 25, 20, 25, 23, 0, 0, '19h00', '2013-12-06', 0, 0, 0, 0, 1, 0, 0),
(478, 'KH001', 'kh', '1', 1, 167, 168, 0, 0, 0, 0, 0, 0, 0, 0, 0, 0, 0, 0, '19h30', '2014-01-30', 0, 0, 0, 0, 0, 0, 0),
(479, 'KH002', 'kh', '1', 1, 170, 169, 0, 0, 0, 0, 0, 0, 0, 0, 0, 0, 0, 0, '19h30', '2014-01-30', 0, 0, 0, 0, 0, 0, 0),
(480, 'KH003', 'kh', '1', 2, 166, 167, 0, 0, 0, 0, 0, 0, 0, 0, 0, 0, 0, 0, '20h00', '2014-02-07', 0, 0, 0, 0, 0, 0, 0),
(481, 'KH004', 'kh', '1', 2, 168, 169, 0, 0, 0, 0, 0, 0, 0, 0, 0, 0, 0, 0, '20h00', '2014-02-06', 0, 0, 0, 0, 0, 0, 0),
(482, 'KH005', 'kh', '1', 3, 167, 169, 0, 0, 0, 0, 0, 0, 0, 0, 0, 0, 0, 0, '19h30', '2014-02-13', 0, 0, 0, 0, 0, 0, 0),
(483, 'KH006', 'kh', '1', 3, 166, 170, 0, 0, 0, 0, 0, 0, 0, 0, 0, 0, 0, 0, '20h00', '2014-02-14', 0, 0, 0, 0, 0, 0, 0),
(484, 'KH007', 'kh', '1', 4, 168, 166, 0, 0, 0, 0, 0, 0, 0, 0, 0, 0, 0, 0, '20h00', '2014-02-20', 0, 0, 0, 0, 0, 0, 0),
(485, 'KH008', 'kh', '1', 4, 167, 170, 0, 0, 0, 0, 0, 0, 0, 0, 0, 0, 0, 0, '19h30', '2014-02-20', 0, 0, 0, 0, 0, 0, 0),
(486, 'KH009', 'kh', '1', 5, 166, 169, 0, 0, 0, 0, 0, 0, 0, 0, 0, 0, 0, 0, '20h00', '2014-03-14', 0, 0, 0, 0, 0, 0, 0),
(487, 'KH010', 'kh', '1', 5, 170, 168, 0, 0, 0, 0, 0, 0, 0, 0, 0, 0, 0, 0, '20h00', '2014-03-13', 0, 0, 0, 0, 0, 0, 0),
(488, 'KH011', 'kh', '2', 1, 175, 171, 0, 0, 0, 0, 0, 0, 0, 0, 0, 0, 0, 0, '19h45', '2014-01-27', 0, 0, 0, 0, 0, 0, 0),
(489, 'KH012', 'kh', '2', 1, 174, 172, 0, 0, 0, 0, 0, 0, 0, 0, 0, 0, 0, 0, '20h30', '2014-01-29', 0, 0, 0, 0, 0, 0, 0),
(490, 'KH013', 'kh', '2', 2, 172, 173, 0, 0, 0, 0, 0, 0, 0, 0, 0, 0, 0, 0, '20h00', '2014-02-06', 0, 0, 0, 0, 0, 0, 0),
(491, 'KH014', 'kh', '2', 2, 174, 175, 0, 0, 0, 0, 0, 0, 0, 0, 0, 0, 0, 0, '20h30', '2014-02-05', 0, 0, 0, 0, 0, 0, 0),
(492, 'KH015', 'kh', '2', 3, 175, 173, 0, 0, 0, 0, 0, 0, 0, 0, 0, 0, 0, 0, '19h45', '2014-02-10', 0, 0, 0, 0, 0, 0, 0),
(493, 'KH016', 'kh', '2', 3, 171, 174, 0, 0, 0, 0, 0, 0, 0, 0, 0, 0, 0, 0, '20h30', '2014-02-10', 0, 0, 0, 0, 0, 0, 0),
(494, 'KH017', 'kh', '2', 4, 171, 172, 0, 0, 0, 0, 0, 0, 0, 0, 0, 0, 0, 0, '20h30', '2014-02-17', 0, 0, 0, 0, 0, 0, 0),
(495, 'KH018', 'kh', '2', 4, 173, 174, 0, 0, 0, 0, 0, 0, 0, 0, 0, 0, 0, 0, '19h30', '2014-02-21', 0, 0, 0, 0, 0, 0, 0),
(496, 'KH019', 'kh', '2', 5, 173, 171, 0, 0, 0, 0, 0, 0, 0, 0, 0, 0, 0, 0, '19h30', '2014-03-14', 0, 0, 0, 0, 0, 0, 0),
(497, 'KH020', 'kh', '2', 5, 172, 175, 0, 0, 0, 0, 0, 0, 0, 0, 0, 0, 0, 0, '20h00', '2014-03-14', 0, 0, 0, 0, 0, 0, 0),
(498, 'KH021', 'kh', '3', 1, 176, 177, 0, 0, 0, 0, 0, 0, 0, 0, 0, 0, 0, 0, '20h00', '2014-01-30', 0, 0, 0, 0, 0, 0, 0),
(499, 'KH022', 'kh', '3', 1, 178, 179, 0, 0, 0, 0, 0, 0, 0, 0, 0, 0, 0, 0, '20h45', '2014-01-29', 0, 0, 0, 0, 0, 0, 0),
(500, 'KH023', 'kh', '3', 2, 177, 178, 0, 0, 0, 0, 0, 0, 0, 0, 0, 0, 0, 0, '20h00', '2014-02-07', 0, 0, 0, 0, 0, 0, 0),
(501, 'KH024', 'kh', '3', 2, 179, 180, 0, 0, 0, 0, 0, 0, 0, 0, 0, 0, 0, 0, '20h00', '2014-02-05', 0, 0, 0, 0, 0, 0, 0),
(502, 'KH025', 'kh', '3', 3, 180, 178, 0, 0, 0, 0, 0, 0, 0, 0, 0, 0, 0, 0, '20h00', '2014-02-13', 0, 0, 0, 0, 0, 0, 0),
(503, 'KH026', 'kh', '3', 3, 176, 179, 0, 0, 0, 0, 0, 0, 0, 0, 0, 0, 0, 0, '20h00', '2014-02-13', 0, 0, 0, 0, 0, 0, 0),
(504, 'KH027', 'kh', '3', 4, 180, 176, 0, 0, 0, 0, 0, 0, 0, 0, 0, 0, 0, 0, '20h00', '2014-02-20', 0, 0, 0, 0, 0, 0, 0),
(505, 'KH028', 'kh', '3', 4, 179, 177, 0, 0, 0, 0, 0, 0, 0, 0, 0, 0, 0, 0, '20h30', '2014-02-19', 0, 0, 0, 0, 0, 0, 0),
(506, 'KH029', 'kh', '3', 5, 178, 176, 0, 0, 0, 0, 0, 0, 0, 0, 0, 0, 0, 0, '20h45', '2014-03-12', 0, 0, 0, 0, 0, 0, 0),
(507, 'KH030', 'kh', '3', 5, 177, 180, 0, 0, 0, 0, 0, 0, 0, 0, 0, 0, 0, 0, '20h00', '2014-03-14', 0, 0, 0, 0, 0, 0, 0),
(508, 'KH031', 'kh', '4', 1, 181, 182, 0, 0, 0, 0, 0, 0, 0, 0, 0, 0, 0, 0, '19h30', '2014-01-27', 0, 0, 0, 0, 0, 0, 0),
(509, 'KH032', 'kh', '4', 1, 183, 184, 0, 0, 0, 0, 0, 0, 0, 0, 0, 0, 0, 0, '20h45', '2014-01-29', 0, 0, 0, 0, 0, 0, 0),
(510, 'KH033', 'kh', '4', 2, 182, 183, 0, 0, 0, 0, 0, 0, 0, 0, 0, 0, 0, 0, '20h00', '2014-02-06', 0, 0, 0, 0, 0, 0, 0),
(511, 'KH034', 'kh', '4', 2, 184, 185, 0, 0, 0, 0, 0, 0, 0, 0, 0, 0, 0, 0, '20h00', '2014-02-07', 0, 0, 0, 0, 0, 0, 0),
(512, 'KH035', 'kh', '4', 3, 185, 183, 0, 0, 0, 0, 0, 0, 0, 0, 0, 0, 0, 0, '19h30', '2014-02-12', 0, 0, 0, 0, 0, 0, 0),
(513, 'KH036', 'kh', '4', 3, 184, 181, 0, 0, 0, 0, 0, 0, 0, 0, 0, 0, 0, 0, '20h00', '2014-02-14', 0, 0, 0, 0, 0, 0, 0),
(514, 'KH037', 'kh', '4', 4, 185, 181, 0, 0, 0, 0, 0, 0, 0, 0, 0, 0, 0, 0, '19h30', '2014-02-19', 0, 0, 0, 0, 0, 0, 0),
(515, 'KH038', 'kh', '4', 4, 184, 182, 0, 0, 0, 0, 0, 0, 0, 0, 0, 0, 0, 0, '20h00', '2014-02-21', 0, 0, 0, 0, 0, 0, 0),
(516, 'KH039', 'kh', '4', 5, 183, 181, 0, 0, 0, 0, 0, 0, 0, 0, 0, 0, 0, 0, '20h45', '2014-03-12', 0, 0, 0, 0, 0, 0, 0),
(517, 'KH040', 'kh', '4', 5, 182, 185, 0, 0, 0, 0, 0, 0, 0, 0, 0, 0, 0, 0, '20h00', '2014-03-13', 0, 0, 0, 0, 0, 0, 0),
(518, 'KH041', 'kh', '5', 1, 186, 188, 0, 0, 0, 0, 0, 0, 0, 0, 0, 0, 0, 0, '20h00', '2014-01-30', 0, 0, 0, 0, 0, 0, 0),
(519, 'KH042', 'kh', '5', 1, 187, 190, 0, 0, 0, 0, 0, 0, 0, 0, 0, 0, 0, 0, '19h45', '2014-01-27', 0, 0, 0, 0, 0, 0, 0),
(520, 'KH043', 'kh', '5', 2, 187, 188, 0, 0, 0, 0, 0, 0, 0, 0, 0, 0, 0, 0, '19h45', '2014-02-03', 0, 0, 0, 0, 0, 0, 0),
(521, 'KH044', 'kh', '5', 2, 189, 190, 0, 0, 0, 0, 0, 0, 0, 0, 0, 0, 0, 0, '20h30', '2014-02-03', 0, 0, 0, 0, 0, 0, 0),
(522, 'KH045', 'kh', '5', 3, 190, 188, 0, 0, 0, 0, 0, 0, 0, 0, 0, 0, 0, 0, '19h45', '2014-02-10', 0, 0, 0, 0, 0, 0, 0),
(523, 'KH046', 'kh', '5', 3, 186, 189, 0, 0, 0, 0, 0, 0, 0, 0, 0, 0, 0, 0, '20h00', '2014-02-13', 0, 0, 0, 0, 0, 0, 0),
(524, 'KH047', 'kh', '5', 4, 190, 186, 0, 0, 0, 0, 0, 0, 0, 0, 0, 0, 0, 0, '19h45', '2014-02-17', 0, 0, 0, 0, 0, 0, 0),
(525, 'KH048', 'kh', '5', 4, 189, 187, 0, 0, 0, 0, 0, 0, 0, 0, 0, 0, 0, 0, '20h30', '2014-02-17', 0, 0, 0, 0, 0, 0, 0),
(526, 'KH049', 'kh', '5', 5, 186, 187, 0, 0, 0, 0, 0, 0, 0, 0, 0, 0, 0, 0, '20h00', '2014-03-13', 0, 0, 0, 0, 0, 0, 0),
(527, 'KH050', 'kh', '5', 5, 188, 189, 0, 0, 0, 0, 0, 0, 0, 0, 0, 0, 0, 0, '19h45', '2014-03-10', 0, 0, 0, 0, 0, 0, 0),
(528, 'KH051', 'kh', '6', 1, 191, 192, 0, 0, 0, 0, 0, 0, 0, 0, 0, 0, 0, 0, '19h30', '2014-01-31', 0, 0, 0, 0, 0, 0, 0),
(529, 'KH052', 'kh', '6', 1, 194, 193, 0, 0, 0, 0, 0, 0, 0, 0, 0, 0, 0, 0, '20h00', '2014-01-31', 0, 0, 0, 0, 0, 0, 0),
(530, 'KH053', 'kh', '6', 1, 195, 196, 0, 0, 0, 0, 0, 0, 0, 0, 0, 0, 0, 0, '20h00', '2014-01-27', 0, 0, 0, 0, 0, 0, 0),
(531, 'KH054', 'kh', '6', 2, 193, 192, 0, 0, 0, 0, 0, 0, 0, 0, 0, 0, 0, 0, '20h45', '2014-02-05', 0, 0, 0, 0, 0, 0, 0),
(532, 'KH055', 'kh', '6', 2, 194, 195, 0, 0, 0, 0, 0, 0, 0, 0, 0, 0, 0, 0, '20h00', '2014-02-07', 0, 0, 0, 0, 0, 0, 0),
(533, 'KH056', 'kh', '6', 2, 191, 196, 0, 0, 0, 0, 0, 0, 0, 0, 0, 0, 0, 0, '19h30', '2014-02-07', 0, 0, 0, 0, 0, 0, 0),
(534, 'KH057', 'kh', '6', 3, 195, 193, 0, 0, 0, 0, 0, 0, 0, 0, 0, 0, 0, 0, '20h00', '2014-02-10', 0, 0, 0, 0, 0, 0, 0),
(535, 'KH058', 'kh', '6', 3, 191, 194, 0, 0, 0, 0, 0, 0, 0, 0, 0, 0, 0, 0, '19h30', '2014-02-14', 0, 0, 0, 0, 0, 0, 0),
(536, 'KH059', 'kh', '6', 3, 192, 196, 0, 0, 0, 0, 0, 0, 0, 0, 0, 0, 0, 0, '19h45', '2014-02-10', 0, 0, 0, 0, 0, 0, 0),
(537, 'KH060', 'kh', '6', 4, 195, 191, 0, 0, 0, 0, 0, 0, 0, 0, 0, 0, 0, 0, '20h00', '2014-02-17', 0, 0, 0, 0, 0, 0, 0),
(538, 'KH061', 'kh', '6', 4, 194, 192, 0, 0, 0, 0, 0, 0, 0, 0, 0, 0, 0, 0, '20h00', '2014-02-20', 0, 0, 0, 0, 0, 0, 0),
(539, 'KH062', 'kh', '6', 4, 193, 196, 0, 0, 0, 0, 0, 0, 0, 0, 0, 0, 0, 0, '20h45', '2014-02-19', 0, 0, 0, 0, 0, 0, 0),
(540, 'KH063', 'kh', '6', 5, 191, 193, 0, 0, 0, 0, 0, 0, 0, 0, 0, 0, 0, 0, '19h30', '2014-03-14', 0, 0, 0, 0, 0, 0, 0),
(541, 'KH064', 'kh', '6', 5, 192, 195, 0, 0, 0, 0, 0, 0, 0, 0, 0, 0, 0, 0, '19h45', '2014-03-10', 0, 0, 0, 0, 0, 0, 0),
(542, 'KH065', 'kh', '6', 5, 194, 196, 0, 0, 0, 0, 0, 0, 0, 0, 0, 0, 0, 0, '20h00', '2014-03-13', 0, 0, 0, 0, 0, 0, 0),
(643, 'C001', 'c', '1', 1, 20, 131, 0, 0, 0, 0, 0, 0, 0, 0, 0, 0, 0, 0, '20h00', '2014-01-27', 0, 0, 0, 0, 0, 0, 0),
(644, 'C002', 'c', '1', 1, 54, 2, 0, 0, 0, 0, 0, 0, 0, 0, 0, 0, 0, 0, '20h00', '2014-01-31', 0, 0, 0, 0, 0, 0, 0),
(645, 'C003', 'c', '1', 2, 14, 20, 0, 0, 0, 0, 0, 0, 0, 0, 0, 0, 0, 0, '20h45', '2014-02-05', 0, 0, 0, 0, 0, 0, 0),
(646, 'C004', 'c', '1', 2, 131, 54, 0, 0, 0, 0, 0, 0, 0, 0, 0, 0, 0, 0, '20h00', '2014-02-06', 0, 0, 0, 0, 0, 0, 0),
(647, 'C005', 'c', '1', 3, 14, 2, 0, 0, 0, 0, 0, 0, 0, 0, 0, 0, 0, 0, '20h45', '2014-02-12', 0, 0, 0, 0, 0, 0, 0),
(648, 'C006', 'c', '1', 3, 20, 54, 0, 0, 0, 0, 0, 0, 0, 0, 0, 0, 0, 0, '20h00', '2014-02-10', 0, 0, 0, 0, 0, 0, 0),
(649, 'C007', 'c', '1', 4, 2, 131, 0, 0, 0, 0, 0, 0, 0, 0, 0, 0, 0, 0, '19h30', '2014-02-19', 0, 0, 0, 0, 0, 0, 0),
(650, 'C008', 'c', '1', 4, 54, 14, 0, 0, 0, 0, 0, 0, 0, 0, 0, 0, 0, 0, '20h00', '2014-02-21', 0, 0, 0, 0, 0, 0, 0),
(651, 'C009', 'c', '1', 5, 2, 20, 0, 0, 0, 0, 0, 0, 0, 0, 0, 0, 0, 0, '19h30', '2014-03-12', 0, 0, 0, 0, 0, 0, 0),
(652, 'C010', 'c', '1', 5, 131, 14, 0, 0, 0, 0, 0, 0, 0, 0, 0, 0, 0, 0, '20h00', '2014-03-13', 0, 0, 0, 0, 0, 0, 0),
(653, 'KH011', 'c', '2', 1, 39, 5, 0, 0, 0, 0, 0, 0, 0, 0, 0, 0, 0, 0, '20h45', '2014-01-29', 0, 0, 0, 0, 0, 0, 0),
(654, 'KH012', 'c', '2', 1, 75, 41, 0, 0, 0, 0, 0, 0, 0, 0, 0, 0, 0, 0, '20h00', '2014-01-30', 0, 0, 0, 0, 0, 0, 0),
(655, 'KH013', 'c', '2', 2, 36, 39, 0, 0, 0, 0, 0, 0, 0, 0, 0, 0, 0, 0, '20h00', '2014-02-07', 0, 0, 0, 0, 0, 0, 0),
(656, 'KH014', 'c', '2', 2, 5, 39, 0, 0, 0, 0, 0, 0, 0, 0, 0, 0, 0, 0, '20h00', '2014-02-04', 0, 0, 0, 0, 0, 0, 0),
(657, 'KH015', 'c', '2', 3, 41, 36, 0, 0, 0, 0, 0, 0, 0, 0, 0, 0, 0, 0, '19h45', '2014-02-10', 0, 0, 0, 0, 0, 0, 0),
(658, 'KH016', 'c', '2', 3, 39, 75, 0, 0, 0, 0, 0, 0, 0, 0, 0, 0, 0, 0, '20h45', '2014-02-12', 0, 0, 0, 0, 0, 0, 0),
(659, 'KH017', 'c', '2', 4, 5, 41, 0, 0, 0, 0, 0, 0, 0, 0, 0, 0, 0, 0, '20h45', '2014-02-18', 0, 0, 0, 0, 0, 0, 0),
(660, 'KH018', 'c', '2', 4, 75, 36, 0, 0, 0, 0, 0, 0, 0, 0, 0, 0, 0, 0, '20h00', '2014-02-20', 0, 0, 0, 0, 0, 0, 0),
(661, 'KH019', 'c', '2', 5, 41, 39, 0, 0, 0, 0, 0, 0, 0, 0, 0, 0, 0, 0, '19h45', '2014-03-10', 0, 0, 0, 0, 0, 0, 0),
(662, 'KH020', 'c', '2', 5, 36, 5, 0, 0, 0, 0, 0, 0, 0, 0, 0, 0, 0, 0, '20h00', '2014-03-14', 0, 0, 0, 0, 0, 0, 0),
(663, 'KH021', 'c', '3', 1, 4, 102, 0, 0, 0, 0, 0, 0, 0, 0, 0, 0, 0, 0, '20h15', '2014-01-27', 0, 0, 0, 0, 0, 0, 0),
(664, 'KH022', 'c', '3', 1, 1, 21, 0, 0, 0, 0, 0, 0, 0, 0, 0, 0, 0, 0, '20h30', '2014-01-28', 0, 0, 0, 0, 0, 0, 0),
(665, 'KH023', 'c', '3', 1, 7, 7, 0, 0, 0, 0, 0, 0, 0, 0, 0, 0, 0, 0, '20h00', '2014-01-28', 0, 0, 0, 0, 0, 0, 0),
(666, 'KH024', 'c', '3', 2, 102, 1, 0, 0, 0, 0, 0, 0, 0, 0, 0, 0, 0, 0, '20h15', '2014-02-04', 0, 0, 0, 0, 0, 0, 0),
(667, 'KH025', 'c', '3', 2, 21, 11, 0, 0, 0, 0, 0, 0, 0, 0, 0, 0, 0, 0, '20h30', '2014-02-04', 0, 0, 0, 0, 0, 0, 0),
(668, 'KH026', 'c', '3', 2, 4, 7, 0, 0, 0, 0, 0, 0, 0, 0, 0, 0, 0, 0, '20h15', '2014-02-04', 0, 0, 0, 0, 0, 0, 0),
(669, 'KH027', 'c', '3', 3, 11, 4, 0, 0, 0, 0, 0, 0, 0, 0, 0, 0, 0, 0, '20h40', '2014-02-11', 0, 0, 0, 0, 0, 0, 0),
(670, 'KH028', 'c', '3', 3, 102, 21, 0, 0, 0, 0, 0, 0, 0, 0, 0, 0, 0, 0, '20h15', '2014-02-13', 0, 0, 0, 0, 0, 0, 0),
(671, 'KH029', 'c', '3', 3, 1, 7, 0, 0, 0, 0, 0, 0, 0, 0, 0, 0, 0, 0, '20h30', '2014-02-11', 0, 0, 0, 0, 0, 0, 0),
(672, 'KH030', 'c', '3', 4, 21, 4, 0, 0, 0, 0, 0, 0, 0, 0, 0, 0, 0, 0, '20h30', '2014-02-18', 0, 0, 0, 0, 0, 0, 0),
(673, 'KH031', 'c', '3', 4, 11, 1, 0, 0, 0, 0, 0, 0, 0, 0, 0, 0, 0, 0, '20h40', '2014-02-21', 0, 0, 0, 0, 0, 0, 0),
(674, 'KH032', 'c', '3', 4, 7, 102, 0, 0, 0, 0, 0, 0, 0, 0, 0, 0, 0, 0, '20h00', '2014-02-18', 0, 0, 0, 0, 0, 0, 0),
(675, 'KH033', 'c', '3', 5, 4, 1, 0, 0, 0, 0, 0, 0, 0, 0, 0, 0, 0, 0, '20h15', '2014-03-11', 0, 0, 0, 0, 0, 0, 0),
(676, 'KH034', 'c', '3', 5, 11, 102, 0, 0, 0, 0, 0, 0, 0, 0, 0, 0, 0, 0, '20h40', '2014-03-14', 0, 0, 0, 0, 0, 0, 0),
(677, 'KH035', 'c', '3', 5, 21, 7, 0, 0, 0, 0, 0, 0, 0, 0, 0, 0, 0, 0, '20h30', '2014-03-11', 0, 0, 0, 0, 0, 0, 0),
(678, 'KH036', 'c', '4', 1, 16, 37, 0, 0, 0, 0, 0, 0, 0, 0, 0, 0, 0, 0, '20h00', '2014-01-29', 0, 0, 0, 0, 0, 0, 0),
(679, 'KH037', 'c', '4', 1, 158, 76, 0, 0, 0, 0, 0, 0, 0, 0, 0, 0, 0, 0, '19h30', '2014-01-30', 0, 0, 0, 0, 0, 0, 0),
(680, 'KH038', 'c', '4', 2, 19, 16, 0, 0, 0, 0, 0, 0, 0, 0, 0, 0, 0, 0, '19h45', '2014-02-03', 0, 0, 0, 0, 0, 0, 0),
(681, 'KH039', 'c', '4', 2, 37, 158, 0, 0, 0, 0, 0, 0, 0, 0, 0, 0, 0, 0, '20h00', '2014-02-07', 0, 0, 0, 0, 0, 0, 0),
(682, 'KH040', 'c', '4', 3, 76, 19, 0, 0, 0, 0, 0, 0, 0, 0, 0, 0, 0, 0, '19h45', '2014-02-13', 0, 0, 0, 0, 0, 0, 0),
(683, 'KH041', 'c', '4', 3, 16, 158, 0, 0, 0, 0, 0, 0, 0, 0, 0, 0, 0, 0, '20h00', '2014-02-12', 0, 0, 0, 0, 0, 0, 0),
(684, 'KH042', 'c', '4', 4, 37, 76, 0, 0, 0, 0, 0, 0, 0, 0, 0, 0, 0, 0, '20h00', '2014-02-21', 0, 0, 0, 0, 0, 0, 0),
(685, 'KH043', 'c', '4', 4, 158, 19, 0, 0, 0, 0, 0, 0, 0, 0, 0, 0, 0, 0, '19h30', '2014-02-20', 0, 0, 0, 0, 0, 0, 0),
(686, 'KH044', 'c', '4', 5, 76, 16, 0, 0, 0, 0, 0, 0, 0, 0, 0, 0, 0, 0, '19h45', '2014-03-13', 0, 0, 0, 0, 0, 0, 0),
(687, 'KH045', 'c', '4', 5, 19, 37, 0, 0, 0, 0, 0, 0, 0, 0, 0, 0, 0, 0, '19h45', '2014-03-10', 0, 0, 0, 0, 0, 0, 0),
(688, 'KH046', 'c', '5', 1, 33, 81, 0, 0, 0, 0, 0, 0, 0, 0, 0, 0, 0, 0, '20h40', '2014-01-31', 0, 0, 0, 0, 0, 0, 0),
(689, 'KH047', 'c', '5', 1, 28, 103, 0, 0, 0, 0, 0, 0, 0, 0, 0, 0, 0, 0, '20h15', '2014-01-27', 0, 0, 0, 0, 0, 0, 0),
(690, 'KH048', 'c', '5', 1, 50, 78, 0, 0, 0, 0, 0, 0, 0, 0, 0, 0, 0, 0, '19h45', '2014-01-27', 0, 0, 0, 0, 0, 0, 0),
(691, 'KH049', 'c', '5', 2, 81, 28, 0, 0, 0, 0, 0, 0, 0, 0, 0, 0, 0, 0, '20h45', '2014-02-05', 0, 0, 0, 0, 0, 0, 0),
(692, 'KH050', 'c', '5', 2, 50, 103, 0, 0, 0, 0, 0, 0, 0, 0, 0, 0, 0, 0, '19h45', '2014-02-03', 0, 0, 0, 0, 0, 0, 0),
(693, 'KH051', 'c', '5', 2, 78, 33, 0, 0, 0, 0, 0, 0, 0, 0, 0, 0, 0, 0, '20h00', '2014-02-07', 0, 0, 0, 0, 0, 0, 0),
(694, 'KH052', 'c', '5', 3, 33, 50, 0, 0, 0, 0, 0, 0, 0, 0, 0, 0, 0, 0, '20h40', '2014-02-14', 0, 0, 0, 0, 0, 0, 0),
(695, 'KH053', 'c', '5', 3, 81, 103, 0, 0, 0, 0, 0, 0, 0, 0, 0, 0, 0, 0, '20h45', '2014-02-12', 0, 0, 0, 0, 0, 0, 0),
(696, 'KH054', 'c', '5', 3, 28, 78, 0, 0, 0, 0, 0, 0, 0, 0, 0, 0, 0, 0, '20h15', '2014-02-10', 0, 0, 0, 0, 0, 0, 0),
(697, 'KH055', 'c', '5', 4, 103, 33, 0, 0, 0, 0, 0, 0, 0, 0, 0, 0, 0, 0, '20h15', '2014-02-21', 0, 0, 0, 0, 0, 0, 0),
(698, 'KH056', 'c', '5', 4, 50, 28, 0, 0, 0, 0, 0, 0, 0, 0, 0, 0, 0, 0, '19h45', '2014-02-17', 0, 0, 0, 0, 0, 0, 0),
(699, 'KH057', 'c', '5', 4, 78, 81, 0, 0, 0, 0, 0, 0, 0, 0, 0, 0, 0, 0, '20h00', '2014-02-21', 0, 0, 0, 0, 0, 0, 0),
(700, 'KH058', 'c', '5', 5, 33, 28, 0, 0, 0, 0, 0, 0, 0, 0, 0, 0, 0, 0, '20h40', '2014-03-14', 0, 0, 0, 0, 0, 0, 0),
(701, 'KH059', 'c', '5', 5, 81, 50, 0, 0, 0, 0, 0, 0, 0, 0, 0, 0, 0, 0, '20h45', '2014-03-12', 0, 0, 0, 0, 0, 0, 0),
(702, 'KH060', 'c', '5', 5, 103, 78, 0, 0, 0, 0, 0, 0, 0, 0, 0, 0, 0, 0, '20h15', '2014-03-14', 0, 0, 0, 0, 0, 0, 0),
(703, 'KH061', 'c', '6', 1, 80, 105, 0, 0, 0, 0, 0, 0, 0, 0, 0, 0, 0, 0, '20h30', '2014-01-30', 0, 0, 0, 0, 0, 0, 0),
(704, 'KH062', 'c', '6', 1, 13, 159, 0, 0, 0, 0, 0, 0, 0, 0, 0, 0, 0, 0, '20h00', '2014-01-30', 0, 0, 0, 0, 0, 0, 0),
(705, 'KH063', 'c', '6', 2, 55, 105, 0, 0, 0, 0, 0, 0, 0, 0, 0, 0, 0, 0, '20h00', '2014-02-07', 0, 0, 0, 0, 0, 0, 0),
(706, 'KH064', 'c', '6', 2, 80, 13, 0, 0, 0, 0, 0, 0, 0, 0, 0, 0, 0, 0, '20h30', '2014-02-06', 0, 0, 0, 0, 0, 0, 0),
(707, 'KH065', 'c', '6', 3, 159, 55, 0, 0, 0, 0, 0, 0, 0, 0, 0, 0, 0, 0, '21h00', '2014-02-12', 0, 0, 0, 0, 0, 0, 0),
(708, 'KH066', 'c', '6', 3, 13, 105, 0, 0, 0, 0, 0, 0, 0, 0, 0, 0, 0, 0, '20h00', '2014-02-13', 0, 0, 0, 0, 0, 0, 0),
(709, 'KH067', 'c', '6', 4, 80, 159, 0, 0, 0, 0, 0, 0, 0, 0, 0, 0, 0, 0, '20h30', '2014-02-20', 0, 0, 0, 0, 0, 0, 0),
(710, 'KH068', 'c', '6', 4, 13, 55, 0, 0, 0, 0, 0, 0, 0, 0, 0, 0, 0, 0, '20h00', '2014-02-20', 0, 0, 0, 0, 0, 0, 0),
(711, 'KH069', 'c', '6', 5, 159, 105, 0, 0, 0, 0, 0, 0, 0, 0, 0, 0, 0, 0, '21h00', '2014-03-12', 0, 0, 0, 0, 0, 0, 0),
(712, 'KH070', 'c', '6', 5, 55, 80, 0, 0, 0, 0, 0, 0, 0, 0, 0, 0, 0, 0, '20h00', '2014-03-14', 0, 0, 0, 0, 0, 0, 0),
(713, 'KH071', 'c', '7', 1, 47, 30, 0, 0, 0, 0, 0, 0, 0, 0, 0, 0, 0, 0, '20h00', '2014-01-31', 0, 0, 0, 0, 0, 0, 0),
(714, 'KH072', 'c', '7', 1, 52, 24, 0, 0, 0, 0, 0, 0, 0, 0, 0, 0, 0, 0, '20h00', '2014-01-31', 0, 0, 0, 0, 0, 0, 0),
(715, 'KH073', 'c', '7', 2, 9, 47, 0, 0, 0, 0, 0, 0, 0, 0, 0, 0, 0, 0, '20h30', '2014-02-07', 0, 0, 0, 0, 0, 0, 0),
(716, 'KH074', 'c', '7', 2, 30, 52, 0, 0, 0, 0, 0, 0, 0, 0, 0, 0, 0, 0, '20h15', '2014-02-05', 0, 0, 0, 0, 0, 0, 0),
(717, 'KH075', 'c', '7', 3, 24, 9, 0, 0, 0, 0, 0, 0, 0, 0, 0, 0, 0, 0, '19h00', '2014-02-14', 0, 0, 0, 0, 0, 0, 0),
(718, 'KH076', 'c', '7', 3, 47, 52, 0, 0, 0, 0, 0, 0, 0, 0, 0, 0, 0, 0, '20h00', '2014-02-14', 0, 0, 0, 0, 0, 0, 0),
(719, 'KH077', 'c', '7', 4, 30, 24, 0, 0, 0, 0, 0, 0, 0, 0, 0, 0, 0, 0, '20h15', '2014-02-19', 0, 0, 0, 0, 0, 0, 0),
(720, 'KH078', 'c', '7', 4, 52, 9, 0, 0, 0, 0, 0, 0, 0, 0, 0, 0, 0, 0, '20h00', '2014-02-21', 0, 0, 0, 0, 0, 0, 0),
(721, 'KH079', 'c', '7', 5, 24, 47, 0, 0, 0, 0, 0, 0, 0, 0, 0, 0, 0, 0, '19h00', '2014-03-14', 0, 0, 0, 0, 0, 0, 0),
(722, 'KH080', 'c', '7', 5, 9, 30, 0, 0, 0, 0, 0, 0, 0, 0, 0, 0, 0, 0, '20h30', '2014-03-14', 0, 0, 0, 0, 0, 0, 0),
(723, 'KH081', 'c', '8', 1, 26, 79, 0, 0, 0, 0, 0, 0, 0, 0, 0, 0, 0, 0, '20h00', '2014-01-28', 0, 0, 0, 0, 0, 0, 0),
(724, 'KH082', 'c', '8', 1, 133, 45, 0, 0, 0, 0, 0, 0, 0, 0, 0, 0, 0, 0, '20h00', '2014-01-27', 0, 0, 0, 0, 0, 0, 0),
(725, 'KH083', 'c', '8', 2, 26, 130, 0, 0, 0, 0, 0, 0, 0, 0, 0, 0, 0, 0, '20h00', '2014-02-04', 0, 0, 0, 0, 0, 0, 0),
(726, 'KH084', 'c', '8', 2, 79, 133, 0, 0, 0, 0, 0, 0, 0, 0, 0, 0, 0, 0, '19h45', '2014-02-05', 0, 0, 0, 0, 0, 0, 0),
(727, 'KH085', 'c', '8', 3, 45, 130, 0, 0, 0, 0, 0, 0, 0, 0, 0, 0, 0, 0, '20h00', '2014-02-14', 0, 0, 0, 0, 0, 0, 0),
(728, 'KH086', 'c', '8', 3, 26, 133, 0, 0, 0, 0, 0, 0, 0, 0, 0, 0, 0, 0, '20h00', '2014-02-11', 0, 0, 0, 0, 0, 0, 0);
INSERT INTO `matches` (`id_match`, `code_match`, `code_competition`, `division`, `journee`, `id_equipe_dom`, `id_equipe_ext`, `score_equipe_dom`, `score_equipe_ext`, `set_1_dom`, `set_1_ext`, `set_2_dom`, `set_2_ext`, `set_3_dom`, `set_3_ext`, `set_4_dom`, `set_4_ext`, `set_5_dom`, `set_5_ext`, `heure_reception`, `date_reception`, `gagnea5_dom`, `gagnea5_ext`, `forfait_dom`, `forfait_ext`, `certif`, `report`, `retard`) VALUES
(729, 'KH087', 'c', '8', 4, 79, 45, 0, 0, 0, 0, 0, 0, 0, 0, 0, 0, 0, 0, '19h45', '2014-02-19', 0, 0, 0, 0, 0, 0, 0),
(730, 'KH088', 'c', '8', 4, 133, 130, 0, 0, 0, 0, 0, 0, 0, 0, 0, 0, 0, 0, '20h00', '2014-02-17', 0, 0, 0, 0, 0, 0, 0),
(731, 'KH089', 'c', '8', 5, 45, 26, 0, 0, 0, 0, 0, 0, 0, 0, 0, 0, 0, 0, '20h00', '2014-03-14', 0, 0, 0, 0, 0, 0, 0),
(732, 'KH090', 'c', '8', 5, 79, 130, 0, 0, 0, 0, 0, 0, 0, 0, 0, 0, 0, 0, '19h45', '2014-03-12', 0, 0, 0, 0, 0, 0, 0),
(733, 'KH091', 'c', '9', 1, 34, 101, 0, 0, 0, 0, 0, 0, 0, 0, 0, 0, 0, 0, '20h00', '2014-01-29', 0, 0, 0, 0, 0, 0, 0),
(734, 'KH092', 'c', '9', 1, 134, 57, 0, 0, 0, 0, 0, 0, 0, 0, 0, 0, 0, 0, '20h00', '2014-01-31', 0, 0, 0, 0, 0, 0, 0),
(735, 'KH093', 'c', '9', 2, 32, 34, 0, 0, 0, 0, 0, 0, 0, 0, 0, 0, 0, 0, '20h30', '2014-02-04', 0, 0, 0, 0, 0, 0, 0),
(736, 'KH094', 'c', '9', 2, 134, 101, 0, 0, 0, 0, 0, 0, 0, 0, 0, 0, 0, 0, '20h00', '2014-02-07', 0, 0, 0, 0, 0, 0, 0),
(737, 'KH095', 'c', '9', 3, 57, 32, 0, 0, 0, 0, 0, 0, 0, 0, 0, 0, 0, 0, '20h00', '2014-02-11', 0, 0, 0, 0, 0, 0, 0),
(738, 'KH096', 'c', '9', 3, 34, 134, 0, 0, 0, 0, 0, 0, 0, 0, 0, 0, 0, 0, '20h00', '2014-02-12', 0, 0, 0, 0, 0, 0, 0),
(739, 'KH097', 'c', '9', 4, 101, 57, 0, 0, 0, 0, 0, 0, 0, 0, 0, 0, 0, 0, '19h45', '2014-02-17', 0, 0, 0, 0, 0, 0, 0),
(740, 'KH098', 'c', '9', 4, 134, 32, 0, 0, 0, 0, 0, 0, 0, 0, 0, 0, 0, 0, '20h00', '2014-02-21', 0, 0, 0, 0, 0, 0, 0),
(741, 'KH099', 'c', '9', 5, 57, 34, 0, 0, 0, 0, 0, 0, 0, 0, 0, 0, 0, 0, '20h00', '2014-03-11', 0, 0, 0, 0, 0, 0, 0),
(742, 'KH100', 'c', '9', 5, 32, 101, 0, 0, 0, 0, 0, 0, 0, 0, 0, 0, 0, 0, '20h30', '2014-03-11', 0, 0, 0, 0, 0, 0, 0);

-- --------------------------------------------------------

--
-- Structure de la table `news`
--

CREATE TABLE IF NOT EXISTS `news` (
  `id_news` int(3) NOT NULL AUTO_INCREMENT,
  `date_news` date NOT NULL,
  `texte_news` varchar(500) NOT NULL,
  `titre_news` varchar(50) NOT NULL,
  PRIMARY KEY (`id_news`)
) ENGINE=InnoDB  DEFAULT CHARSET=latin1 AUTO_INCREMENT=49 ;

--
-- Contenu de la table `news`
--

INSERT INTO `news` (`id_news`, `date_news`, `texte_news`, `titre_news`) VALUES
(33, '2011-10-17', 'Voici le classement final du tournoi de sélection de début d\\''année.\r\n\r\n<ul>\r\n<li>1- Côte Bleue VB 1 => Accès Div 3</li>\r\n<li>2- Aix Aéro 1 => Accès Div 4</li>\r\n<li>3- Ensuès Koalas 2 = Div 4</li>\r\n<li>4- Côte Bleue VB 2 => Accès Div 5</li>\r\n<li>5- Velaux COVF = Div 6</li>\r\n<li>6- ECS Marseille 3 => Div 6</li>\r\n<li>7- AMIS => Div 6</li>\r\n</ul>', 'Tournoi de sélection'),
(34, '2011-10-27', 'Les calendriers des matchs de championnats Masculins (Mixtes) et Féminins 4x4 sont maintenant à jour.\r\nVous pouvez aussi retrouver le règlement pour la saison Masculin (Mixte) et Féminin dans la section Docs et Archives, sachant que seul le règlement Masculin (Mixte) a été modifié.', 'Mise en ligne des calendriers'),
(35, '2011-11-02', 'L\\''annuaire est à nouveau disponible.\r\nVous pouvez le consulter à partir du menu Portail Equipes / Annuaire Équipes.', 'Annuaire des équipes à nouveau disponible !'),
(36, '2012-05-23', 'Ajout des matches de 1/4 de finale de Coupe Dept. Isoardi dans le calendrier.', '[Mise à jour] Coupe Dept. Isoardi'),
(37, '2012-05-23', 'La remise des récompenses pour les vainqueurs en championnats féminins et masculins se déroulera lors des phases finales de la Coupe Départementale Isoardi, le Vendredi 22 Juin 2012 ) 19h30 dans le gymnase Croix Rouge de Marseille.\r\n30, Avenue de Fournacle 13013 Marseille.\r\nVous êtes tous conviés à l\\''évènement !', 'Remise des récompenses et phase finale CD Isoardi'),
(38, '2012-06-25', 'Les Finales de Coupes ont été jouées le 15 et 22 juin 2012.\r\nSur la Coupe 4x4 Khoury Hanna\r\nKSociaux remporte le trophée sur une victoire 2/1 face à l\\''ECSM 1.\r\nEurocopter arrive à la 3ème place grâce à une victoire 2/1 contre Inside.\r\n\r\nSur la Coupe 6x6 Isoardi\r\nECSM 1 garde le trophée grâce à une victoire 2/0 face à Marseille Est 1\r\nEurocopter 1 gagne la petite finale 2/0 face à Aix Aéro 1.\r\n\r\nBravo à toutes les équipes étant arrivées jusqu\\''aux demi-finales et félicitations aux vainqueurs.', 'Finales de Coupes'),
(39, '2012-10-23', 'Pour mettre des images sur tout ce qui leur a été dit sur les changemetns de règles au filet, voici un vidéo http://www.ufolep13volley.org/docs/net_rule_modifications.wmv', 'Vidéo sur les règles au filet'),
(40, '2012-11-19', 'Les anciennes adresses ayant été supprimées pour répartir le travail de contrôle des feuilles de matches, voici celles où vous devrez envoyer les scans selon votre division :<\\br>\r\nDiv Fém<\\br>\r\nd1f.4x4@ufolep13volley.org<\\br>\r\nd2f.4x4@ufolep13volley.org<\\br>\r\nDiv Masc<\\br>\r\nd1m.6x6@ufolep13volley.org<\\br>\r\nd2m.6x6@ufolep13volley.org<\\br>\r\nd3m.6x6@ufolep13volley.org<\\br>\r\nd4m.6x6@ufolep13volley.org<\\br>\r\nd5m.6x6@ufolep13volley.org<\\br>\r\nd6m.6x6@ufolep13volley.org<\\br>\r\nd7m.6x6@ufolep13volley.org', 'Où envoyer les feuilles de matchs'),
(41, '2012-11-19', 'Tous les documents concernant la saison 2012-13 sont maintenant à jour (y compris la feuille de match)\r\nVous pouvez les retrouver sur la page http://www.ufolep13volley.org/docs.php', 'Mise à jour des documents CTSD 13'),
(42, '2013-04-03', 'Les matchs de 8ème de finale de la Coupe Isoardi sont maintenant indiqués dans le menu Coupe Isoardi > Phases Finales', 'MàJ Coupe Isoardi'),
(43, '2013-04-13', 'Les matchs de 8ième de finale de la Coupe 4x4 Khoury Hanna ont été mis à  jour.', 'MàJ Coupe Khoury Hanna'),
(44, '2013-05-16', 'Les matchs de 1/4 de finales de Coupe Isoardi et Khoury Hanna ont été insérés. \r\nVous pouvez les retrouver dans leur section respective.', 'MàJ 1/4 de finales de Coupes'),
(45, '2013-05-23', 'Le week-end dernier (18-19 mai) se déroulaient les phases finales de Coupe Nationale.</br>\nDans les Coupes féminines, aucune équipe du Sud n''a réussi à se qualifier.\n</br>Pour les hommes:</br>\n- en Coupe Honneur (sans joueurs FFVB actifs), Marseille Est remporte la médaille d''argent après une défaite 3/2 en finale (16/14 au tie-break)</br>\n- en Coupe Excellence (avec joueurs FFVB actifs), ECS Marseille remporte la Coupe en gagnant en finale 3/1\n</br></br>\nUn grand Bravo aux deux équipes', 'Coupes Nationales'),
(46, '2013-09-11', 'Une page d''aide a été ajoutée.\r\nElle contient tous les éléments indispensables pour bien commencer la saison + tous les éléments utiles à connaitre pour que la saison se continue au mieux.\r\nLa page se trouve à l''adresse http://ufolep13volley.org/infos_utiles/index.html et sera rajoutée prochainement dans le menu.\r\n\r\nBonne lecture.', '[New] Page Utile'),
(48, '2013-12-06', 'Le site continue à être amélioré par notre webmaster. \nVous pouvez maintenant trouver les gymnases localisés sur une carte en allant dans le menu Portail Equipes > Localisation des gymnases \nDorénavant quand vous arriverez en retard à un match vous ne pourrez plus vous servir de l''excuse ''je ne savais pas où se trouvait le gymnase'' :)', '[New]Géolocalisation des gymnases');

-- --------------------------------------------------------

--
-- Structure de la table `tournoi_f`
--

CREATE TABLE IF NOT EXISTS `tournoi_f` (
  `id_equipe` smallint(3) NOT NULL,
  `points` tinyint(2) NOT NULL,
  `joues` tinyint(2) NOT NULL,
  `t1` varchar(20) NOT NULL,
  `t2` varchar(20) NOT NULL,
  `t3` varchar(20) NOT NULL,
  `t4` varchar(20) NOT NULL,
  `t5` varchar(20) NOT NULL,
  `t6` varchar(20) NOT NULL,
  PRIMARY KEY (`id_equipe`)
) ENGINE=InnoDB DEFAULT CHARSET=latin1;

/*!40101 SET CHARACTER_SET_CLIENT=@OLD_CHARACTER_SET_CLIENT */;
/*!40101 SET CHARACTER_SET_RESULTS=@OLD_CHARACTER_SET_RESULTS */;
/*!40101 SET COLLATION_CONNECTION=@OLD_COLLATION_CONNECTION */;
