-- phpMyAdmin SQL Dump
-- version 4.0.7
-- http://www.phpmyadmin.net
--
-- Client: clustermysql05.hosteur.com
-- Généré le: Mer 30 Octobre 2013 à 08:34
-- Version du serveur: 5.1.69
-- Version de PHP: 5.3.20

SET SQL_MODE = "NO_AUTO_VALUE_ON_ZERO";
SET time_zone = "+00:00";


/*!40101 SET @OLD_CHARACTER_SET_CLIENT=@@CHARACTER_SET_CLIENT */;
/*!40101 SET @OLD_CHARACTER_SET_RESULTS=@@CHARACTER_SET_RESULTS */;
/*!40101 SET @OLD_COLLATION_CONNECTION=@@COLLATION_CONNECTION */;
/*!40101 SET NAMES utf8 */;

--
-- Base de données: `ufolep_13volley`
--

-- --------------------------------------------------------

--
-- Structure de la table `archives`
--

CREATE TABLE IF NOT EXISTS `archives` (
  `id_archives` tinyint(2) NOT NULL AUTO_INCREMENT,
  `annee` varchar(4) NOT NULL,
  `type` varchar(10) NOT NULL,
  `titre` varchar(50) NOT NULL,
  `chemin` varchar(50) NOT NULL,
  PRIMARY KEY (`id_archives`)
) ENGINE=InnoDB  DEFAULT CHARSET=latin1 AUTO_INCREMENT=2 ;

--
-- Contenu de la table `archives`
--

INSERT INTO `archives` (`id_archives`, `annee`, `type`, `titre`, `chemin`) VALUES
(1, '2007', 'bilan', 'Bilan de l''année 2006-2007 pour la CSD Volley', 'archives/bilan_2006_2007_CSD_volley.pdf');

-- --------------------------------------------------------

--
-- Structure de la table `classements`
--

CREATE TABLE IF NOT EXISTS `classements` (
  `code_competition` varchar(2) NOT NULL,
  `division` varchar(2) NOT NULL,
  `id_equipe` smallint(3) NOT NULL,
  `points` tinyint(2) NOT NULL,
  `joues` tinyint(2) NOT NULL,
  `gagnes` tinyint(2) NOT NULL,
  `perdus` tinyint(2) NOT NULL,
  `sets_pour` tinyint(2) NOT NULL,
  `sets_contre` tinyint(2) NOT NULL,
  `difference` tinyint(2) NOT NULL,
  `coeff_sets` decimal(5,4) NOT NULL,
  `points_pour` smallint(5) NOT NULL,
  `points_contre` smallint(5) NOT NULL,
  `coeff_points` decimal(5,4) NOT NULL,
  `penalite` tinyint(1) NOT NULL DEFAULT '0'
) ENGINE=InnoDB DEFAULT CHARSET=latin1;

--
-- Contenu de la table `classements`
--

INSERT INTO `classements` (`code_competition`, `division`, `id_equipe`, `points`, `joues`, `gagnes`, `perdus`, `sets_pour`, `sets_contre`, `difference`, `coeff_sets`, `points_pour`, `points_contre`, `coeff_points`, `penalite`) VALUES
('m', '1', 102, 0, 0, 0, 0, 0, 0, 0, '0.0000', 0, 0, '0.0000', 0),
('m', '1', 76, 0, 0, 0, 0, 0, 0, 0, '0.0000', 0, 0, '0.0000', 0),
('m', '1', 8, 0, 0, 0, 0, 0, 0, 0, '0.0000', 0, 0, '0.0000', 0),
('m', '1', 3, 0, 0, 0, 0, 0, 0, 0, '0.0000', 0, 0, '0.0000', 0),
('m', '1', 2, 0, 0, 0, 0, 0, 0, 0, '0.0000', 0, 0, '0.0000', 0),
('m', '1', 75, 0, 0, 0, 0, 0, 0, 0, '0.0000', 0, 0, '0.0000', 0),
('m', '1', 16, 0, 0, 0, 0, 0, 0, 0, '0.0000', 0, 0, '0.0000', 0),
('m', '1', 20, 0, 0, 0, 0, 0, 0, 0, '0.0000', 0, 0, '0.0000', 0),
('m', '2', 37, 0, 0, 0, 0, 0, 0, 0, '0.0000', 0, 0, '0.0000', 0),
('m', '2', 5, 0, 0, 0, 0, 0, 0, 0, '0.0000', 0, 0, '0.0000', 0),
('m', '2', 7, 0, 0, 0, 0, 0, 0, 0, '0.0000', 0, 0, '0.0000', 0),
('m', '2', 19, 0, 0, 0, 0, 0, 0, 0, '0.0000', 0, 0, '0.0000', 0),
('m', '2', 14, 0, 0, 0, 0, 0, 0, 0, '0.0000', 0, 0, '0.0000', 0),
('m', '2', 39, 0, 0, 0, 0, 0, 0, 0, '0.0000', 0, 0, '0.0000', 0),
('m', '2', 1, 0, 0, 0, 0, 0, 0, 0, '0.0000', 0, 0, '0.0000', 0),
('m', '2', 11, 0, 0, 0, 0, 0, 0, 0, '0.0000', 0, 0, '0.0000', 0),
('m', '3', 36, 0, 0, 0, 0, 0, 0, 0, '0.0000', 0, 0, '0.0000', 0),
('m', '3', 45, 0, 0, 0, 0, 0, 0, 0, '0.0000', 0, 0, '0.0000', 0),
('m', '3', 4, 0, 0, 0, 0, 0, 0, 0, '0.0000', 0, 0, '0.0000', 0),
('m', '3', 43, 0, 0, 0, 0, 0, 0, 0, '0.0000', 0, 0, '0.0000', 0),
('m', '3', 21, 0, 0, 0, 0, 0, 0, 0, '0.0000', 0, 0, '0.0000', 0),
('m', '3', 131, 0, 0, 0, 0, 0, 0, 0, '0.0000', 0, 0, '0.0000', 0),
('m', '3', 158, 0, 0, 0, 0, 0, 0, 0, '0.0000', 0, 0, '0.0000', 0),
('m', '3', 132, 0, 0, 0, 0, 0, 0, 0, '0.0000', 0, 0, '0.0000', 0),
('m', '4', 41, 0, 0, 0, 0, 0, 0, 0, '0.0000', 0, 0, '0.0000', 0),
('m', '4', 9, 0, 0, 0, 0, 0, 0, 0, '0.0000', 0, 0, '0.0000', 0),
('m', '4', 77, 0, 0, 0, 0, 0, 0, 0, '0.0000', 0, 0, '0.0000', 0),
('m', '4', 32, 0, 0, 0, 0, 0, 0, 0, '0.0000', 0, 0, '0.0000', 0),
('m', '4', 54, 0, 0, 0, 0, 0, 0, 0, '0.0000', 0, 0, '0.0000', 0),
('m', '4', 30, 0, 0, 0, 0, 0, 0, 0, '0.0000', 0, 0, '0.0000', 0),
('m', '4', 79, 0, 0, 0, 0, 0, 0, 0, '0.0000', 0, 0, '0.0000', 0),
('m', '5', 103, 0, 0, 0, 0, 0, 0, 0, '0.0000', 0, 0, '0.0000', 0),
('m', '5', 80, 0, 0, 0, 0, 0, 0, 0, '0.0000', 0, 0, '0.0000', 0),
('m', '5', 26, 0, 0, 0, 0, 0, 0, 0, '0.0000', 0, 0, '0.0000', 0),
('m', '5', 28, 0, 0, 0, 0, 0, 0, 0, '0.0000', 0, 0, '0.0000', 0),
('m', '5', 101, 0, 0, 0, 0, 0, 0, 0, '0.0000', 0, 0, '0.0000', 0),
('m', '5', 130, 0, 0, 0, 0, 0, 0, 0, '0.0000', 0, 0, '0.0000', 0),
('m', '5', 105, 0, 0, 0, 0, 0, 0, 0, '0.0000', 0, 0, '0.0000', 0),
('m', '5', 164, 0, 0, 0, 0, 0, 0, 0, '0.0000', 0, 0, '0.0000', 0),
('m', '6', 52, 0, 0, 0, 0, 0, 0, 0, '0.0000', 0, 0, '0.0000', 0),
('m', '6', 47, 0, 0, 0, 0, 0, 0, 0, '0.0000', 0, 0, '0.0000', 0),
('m', '6', 78, 0, 0, 0, 0, 0, 0, 0, '0.0000', 0, 0, '0.0000', 0),
('m', '6', 81, 0, 0, 0, 0, 0, 0, 0, '0.0000', 0, 0, '0.0000', 0),
('m', '6', 49, 0, 0, 0, 0, 0, 0, 0, '0.0000', 0, 0, '0.0000', 0),
('m', '6', 33, 0, 0, 0, 0, 0, 0, 0, '0.0000', 0, 0, '0.0000', 0),
('m', '6', 13, 0, 0, 0, 0, 0, 0, 0, '0.0000', 0, 0, '0.0000', 0),
('m', '6', 134, 0, 0, 0, 0, 0, 0, 0, '0.0000', 0, 0, '0.0000', 0),
('m', '7', 22, 0, 0, 0, 0, 0, 0, 0, '0.0000', 0, 0, '0.0000', 0),
('m', '7', 50, 0, 0, 0, 0, 0, 0, 0, '0.0000', 0, 0, '0.0000', 0),
('m', '7', 133, 15, 7, 4, 3, 13, 12, 1, '1.0833', 488, 442, '1.1041', 0),
('m', '7', 24, 0, 0, 0, 0, 0, 0, 0, '0.0000', 0, 0, '0.0000', 0),
('m', '7', 55, 4, 7, 1, 6, 4, 20, -16, '0.2000', 200, 580, '0.3448', 0),
('m', '7', 160, 0, 0, 0, 0, 0, 0, 0, '0.0000', 0, 0, '0.0000', 0),
('m', '7', 34, 0, 0, 0, 0, 0, 0, 0, '0.0000', 0, 0, '0.0000', 0),
('m', '7', 159, 0, 0, 0, 0, 0, 0, 0, '0.0000', 0, 0, '0.0000', 0),
('f', '1', 128, 0, 0, 0, 0, 0, 0, 0, '0.0000', 0, 0, '0.0000', 0),
('f', '1', 135, 0, 0, 0, 0, 0, 0, 0, '0.0000', 0, 0, '0.0000', 0),
('f', '1', 108, 0, 0, 0, 0, 0, 0, 0, '0.0000', 0, 0, '0.0000', 0),
('f', '1', 59, 0, 0, 0, 0, 0, 0, 0, '0.0000', 0, 0, '0.0000', 0),
('f', '1', 63, 0, 0, 0, 0, 0, 0, 0, '0.0000', 0, 0, '0.0000', 0),
('f', '1', 66, 0, 0, 0, 0, 0, 0, 0, '0.0000', 0, 0, '0.0000', 0),
('f', '1', 70, 0, 0, 0, 0, 0, 0, 0, '0.0000', 0, 0, '0.0000', 0),
('f', '1', 129, 0, 0, 0, 0, 0, 0, 0, '0.0000', 0, 0, '0.0000', 0),
('f', '1', 82, 0, 0, 0, 0, 0, 0, 0, '0.0000', 0, 0, '0.0000', 0),
('f', '2', 60, 0, 0, 0, 0, 0, 0, 0, '0.0000', 0, 0, '0.0000', 0),
('f', '2', 67, 0, 0, 0, 0, 0, 0, 0, '0.0000', 0, 0, '0.0000', 0),
('f', '2', 61, 0, 0, 0, 0, 0, 0, 0, '0.0000', 0, 0, '0.0000', 0),
('f', '2', 136, 0, 0, 0, 0, 0, 0, 0, '0.0000', 0, 0, '0.0000', 0),
('f', '2', 163, 0, 0, 0, 0, 0, 0, 0, '0.0000', 0, 0, '0.0000', 0),
('f', '2', 162, 0, 0, 0, 0, 0, 0, 0, '0.0000', 0, 0, '0.0000', 0),
('f', '2', 161, 0, 0, 0, 0, 0, 0, 0, '0.0000', 0, 0, '0.0000', 0),
('f', '2', 72, 0, 0, 0, 0, 0, 0, 0, '0.0000', 0, 0, '0.0000', 0),
('f', '2', 106, 0, 0, 0, 0, 0, 0, 0, '0.0000', 0, 0, '0.0000', 0);

-- --------------------------------------------------------

--
-- Structure de la table `commission`
--

CREATE TABLE IF NOT EXISTS `commission` (
  `id_commission` tinyint(2) NOT NULL AUTO_INCREMENT,
  `nom` varchar(20) NOT NULL,
  `prenom` varchar(20) NOT NULL,
  `fonction` varchar(80) NOT NULL,
  `telephone1` varchar(15) NOT NULL,
  `telephone2` varchar(15) NOT NULL,
  `email` varchar(50) NOT NULL,
  `photo` varchar(50) NOT NULL,
  `type` varchar(20) DEFAULT NULL,
  PRIMARY KEY (`id_commission`)
) ENGINE=MyISAM  DEFAULT CHARSET=latin1 AUTO_INCREMENT=17 ;

--
-- Contenu de la table `commission`
--

INSERT INTO `commission` (`id_commission`, `nom`, `prenom`, `fonction`, `telephone1`, `telephone2`, `email`, `photo`, `type`) VALUES
(3, 'GORLIER', 'Laurent', 'Responsable Coordinateur', '-', '06 03 05 97 70', 'laurent.gorlier@ufolep13volley.org', 'images/port.lgorlier.jpg', 'membre'),
(4, 'JOLLOIS', 'Christian', 'Responsable Logistique et Coupe du Faire-Play', '04.90.57.98.48', '06.03.93.14.64', 'c-m.jollois@club-internet.fr', 'images/port.inconnu.jpg', 'membre'),
(5, 'BERNARD', 'Jean-Marc', 'Gestionnaire du site Internet', '04.90.58.54.35', '06.27.24.53.71', 'jmbernard@ufolep13volley.org', 'images/port.jmbernard.JPG', 'membre'),
(6, 'GORLIER', 'Magali', 'Responsable Compétitions Féminines', '', '06 26 42 22 30', 'magaligorlier@gmail.com', 'images/photos/ctsd/GorlierMagalie.jpg', 'membre'),
(7, 'PETIPAS', 'Denis', 'Responsable Compétitions Masculines (Mixtes)', '', '', 'denis.petipas@ufolep13volley.org', 'images/photos/ctsd/PETIPASDenisSite.jpg', 'membre'),
(16, 'ALLEMAND', 'Benjamin', 'Webmaster site www.ufolep13volley.org', ' ', '', 'benallemand@gmail.com', 'images/photos/ctsd/ALLEMANDBenjamin.jpg', 'support'),
(15, 'PERDOMO', 'Philip', 'Création des fiches équipes', ' ', '', 'philip.perdomo@ufolep13volley.org', 'images/photos/ctsd/PerdomoPhilip.jpg', 'support'),
(14, 'FAGUET', 'Sylvain', 'Contrôle des feuilles de matchs', ' ', '', 'sylvain.faguet@ufolep13volley.org', 'images/photos/ctsd/FAGUETSylvainSite.jpg', 'support'),
(13, 'DEPOMMIER', 'Guillaume', 'Contrôle des feuilles de matchs', ' ', '', 'guillaume.depommier@ufolep13volley.org', 'images/photos/ctsd/DepommierGuillaume.jpg', 'support'),
(12, 'BODEA', 'Simona', 'Contrôle des feuilles de matchs', ' ', '', 'simona.bodea@ufolep13volley.org', 'images/photos/ctsd/BodeaSimona.jpg', 'support');

-- --------------------------------------------------------

--
-- Structure de la table `competitions`
--

CREATE TABLE IF NOT EXISTS `competitions` (
  `id` smallint(2) NOT NULL AUTO_INCREMENT,
  `code_competition` varchar(2) NOT NULL,
  `libelle` varchar(50) NOT NULL,
  `id_compet_maitre` varchar(2) NOT NULL,
  PRIMARY KEY (`id`)
) ENGINE=MyISAM  DEFAULT CHARSET=latin1 AUTO_INCREMENT=10 ;

--
-- Contenu de la table `competitions`
--

INSERT INTO `competitions` (`id`, `code_competition`, `libelle`, `id_compet_maitre`) VALUES
(1, 'f', 'Championnat Féminin', 'f'),
(2, 'm', 'Championnat Masculin', 'm'),
(3, 'c', 'Coupe Isoardi', 'm'),
(4, 't', 'Tournois Féminins', 'f'),
(5, 'cf', 'Coupe Isoardi - Phase finale', 'm'),
(6, 'ff', 'Championnat Féminin - Phases finales', 'f'),
(7, 'kh', 'Coupe Koury Hanna', 'kh'),
(8, 'kf', 'Coupe Koury Hanna - Phase Finale', 'kh'),
(9, 'pf', 'Championnat Masculin - Phases Finales', 'm');

-- --------------------------------------------------------

--
-- Structure de la table `comptes_acces`
--

CREATE TABLE IF NOT EXISTS `comptes_acces` (
  `id_equipe` smallint(3) NOT NULL,
  `login` varchar(15) NOT NULL,
  `password` varchar(15) NOT NULL,
  PRIMARY KEY (`id_equipe`)
) ENGINE=InnoDB DEFAULT CHARSET=latin1;

--
-- Contenu de la table `comptes_acces`
--

INSERT INTO `comptes_acces` (`id_equipe`, `login`, `password`) VALUES
(1, 'fuveau1', '171058'),
(2, 'marseilleest1', 'simeone'),
(3, 'eyguieres1', 'lolo'),
(4, 'eguilles1', 'jpeodu'),
(5, 'aspttaix1', 'coandco'),
(6, 'marseilleest3', 'arthur'),
(7, 'aspttaix2', 'BwIu1ç'),
(8, 'eurocopter1', 'steph@ne'),
(9, 'ventabren1', 'bernard'),
(11, 'grans1', 'mazoute51'),
(12, 'escmarseille1', 'm@g@li'),
(13, 'meyrargues', 'YhFp0à'),
(14, 'ensueskoala1', 'EyJj3-'),
(15, 'sfpaubagne', 'sfpsfp'),
(16, 'roquevaire1', 'pimpampoum'),
(17, 'labedoule', 'AjJz9ç'),
(19, 'aubagnevb', 'ericfvb'),
(20, 'velaux1', 'a330103'),
(21, 'greasque', 'fernandezmaurel'),
(22, 'gardanne', 'ludovic'),
(23, 'snefmarseille', 'assnef13'),
(24, 'marseilleest2', 'marseille'),
(25, 'ventabren3', 'v3albert'),
(26, 'aspttaix3', 'MqDz6²'),
(27, 'ventabren2', 'aoua'),
(28, 'eguilles2', 'perchlo'),
(29, 'ascete', 'ReFa1&'),
(30, 'rognac', 'rognac'),
(31, 'marseilleest4', 'PjDy9#'),
(32, 'fuveau2', 'verovero'),
(33, 'grans2', 'pepette'),
(34, 'roquevaire2', 'roquevaire2'),
(35, 'eguilles3', 'PsTc9@'),
(36, 'ascperier1', 'RuDu0@'),
(37, 'aixaero1', 'ballon'),
(38, 'cupvb', 'NbDf2-'),
(39, 'ensueskoala2', 'NhBw7²'),
(40, 'stzacharievb', 'stzach'),
(41, 'escmarseille2', 'm@g@li'),
(42, 'aspttaix4', 'LvVy1_'),
(43, 'eurocopter2', 'leomaud'),
(44, 'eyguieres2', 'eyguieres2'),
(45, 'boucbelair', 'boucbelair'),
(46, 'fuveau3', 'B@ronsInc73'),
(47, 'ascperier2', 'periercitrongo'),
(48, 'eyguieres3', 'eyguieres3'),
(49, 'chateauneuf', '@rob@se'),
(50, 'ecsmarseille3', 'ecsm3'),
(51, 'velauxcovf2', 'velauxcovf2'),
(52, 'aixaero2', 'ballon'),
(54, 'mvb1', 'mvb1'),
(55, 'mvb2', 'invisible'),
(57, 'toulonhosp', 'Hospit@l'),
(59, 'rognacf', 'rognacf'),
(60, 'marseilleest2f', 'KzXg0#'),
(61, 'ecsm2', 'ecsm2'),
(62, 'marseilleest1f', 'marseille'),
(63, 'gardannef', 'celine'),
(64, 'fuveauf', 'changeme'),
(65, 'gransf', 'RuCs9&'),
(66, 'eurocopterf', 'dde5`f'),
(67, 'mvolley1', 'voll1y'),
(68, 'stzacharief', 'KwSd7°'),
(69, 'fuveau2f', 'fuveau2f'),
(70, 'ecsm1', 'ecsm1'),
(71, 'carnoux', 'carnoux'),
(72, 'gardanne2', 'pascale'),
(73, 'mvolley2', 'mvolley2'),
(74, 'mvolley3', 'mvolley3'),
(75, 'pelissanne', 'd3n15'),
(76, 'entressen', '3ntr3ss3n'),
(77, 'eurocopter3', 'eur0c0p3'),
(78, 'mvb3', 'mvb3'),
(79, 'salon', 'th0ma5'),
(80, 'stcannat', 'stcannat'),
(81, 'ensueskoalas3', 'ensukoa3'),
(82, 'periermenthe', 'ascpm'),
(83, 'ventabrenf', 'v3ntabr3n'),
(84, 'ensuesf', '3nsu3s'),
(85, 'ecsm3', 'ecsm3'),
(98, 'bba2', 'BoucBel@ir2'),
(99, 'rocbaron1', 'RocB@ron1'),
(100, 'rocbaron2', 'RocBar2'),
(101, 'aubagnevb2', 'aubvb2'),
(102, 'cbvb1', 'cotblevb1'),
(103, 'cbvb2', 'cotblevb2'),
(104, 'stzacvb2', 'stz@cvb2'),
(105, 'amis', '@mi5'),
(106, 'gardanne3', 'g@rd@3'),
(108, 'pelissannef', 'peliss@nne'),
(109, 'eyguieres', 'eygfem'),
(110, 'khanacondas', 'p@ssword'),
(111, 'khaubagnevb1', 'p@ssword'),
(112, 'khecsm1', 'p@ssword'),
(113, 'khecsm2', 'p@ssword'),
(114, 'khgardanne1', 'p@ssword'),
(115, 'khgardanne2', 'p@ssword'),
(116, 'khgardanne3', 'p@ssword'),
(117, 'khinside', 'p@ssword'),
(118, 'khkamate', 'p@ssword'),
(119, 'khkmisole', 'p@ssword'),
(120, 'khkpotes', 'p@ssword'),
(121, 'khksociaux', 'p@ssword'),
(122, 'khpelissanne1', 'p@ssword'),
(123, 'khpelissanne2', 'p@ssword'),
(124, 'khperrieraloha', 'p@ssword'),
(125, 'khperrierkiwizz', 'p@ssword'),
(126, 'khtatawin', 'p@ssword'),
(127, 'khventabren', 'p@ssword'),
(128, 'koalettes1', 'ufolep'),
(129, 'koalettes2', 'ufolep'),
(130, 'trets', 'ufolep'),
(131, 'peliss2', 'pelivb2'),
(132, 'stmartin', 'smdcvb'),
(133, 'mallemort', 'vbmallemort'),
(134, 'stzachvb', 'vbsaintzac'),
(135, 'aspttaixf', 'vbaspttaix'),
(136, 'vbfosf', 'fosurmer'),
(137, 'khaubagnevb2', 'khaubagnevb2'),
(138, 'khfedaix', 'khfedaix'),
(139, 'khfos1', 'khfos1'),
(140, 'khfos2', 'khfos2'),
(141, 'khibupro', 'khibupro'),
(142, 'khjoker', 'khjoker'),
(143, 'khkarak', 'khkarak'),
(144, 'khkurly', 'khkurly'),
(145, 'khkwadra', 'khkwadra'),
(146, 'khbrascasses', 'khbrascasses'),
(147, 'khkleenaix', 'khkleenaix'),
(148, 'khpmobiles', 'khpmobiles'),
(149, 'khmvolley', 'khmvolley'),
(150, 'khmojitos', 'khmojitos'),
(151, 'khmenthe', 'khmenthe'),
(152, 'khplaisir', 'khplaisir'),
(153, 'khtrets', 'khtrets'),
(154, 'khvcme', 'khvcme'),
(155, 'marsest3', 'marsest3'),
(156, 'trets2', 'trets2'),
(157, 'tretsf', 'tretsf'),
(999, 'ufoladmin', '@dmin&13');

-- --------------------------------------------------------

--
-- Structure de la table `dates_limite`
--

CREATE TABLE IF NOT EXISTS `dates_limite` (
  `id_date` tinyint(2) NOT NULL AUTO_INCREMENT,
  `code_competition` varchar(2) NOT NULL,
  `division` varchar(2) NOT NULL,
  `date_limite` varchar(40) NOT NULL,
  PRIMARY KEY (`id_date`)
) ENGINE=MyISAM  DEFAULT CHARSET=latin1 AUTO_INCREMENT=5 ;

--
-- Contenu de la table `dates_limite`
--

INSERT INTO `dates_limite` (`id_date`, `code_competition`, `division`, `date_limite`) VALUES
(1, 'cf', '1', '18 Mai 2012'),
(2, 'm', '1', '07 Juin 2013'),
(3, 'kh', '1', '22 Mars 2013'),
(4, 'f', '1', '14 Juin 2013');

-- --------------------------------------------------------

--
-- Structure de la table `details_equipes`
--

CREATE TABLE IF NOT EXISTS `details_equipes` (
  `id_equipe` smallint(3) NOT NULL,
  `responsable` varchar(50) NOT NULL,
  `telephone_1` varchar(14) NOT NULL,
  `telephone_2` varchar(14) NOT NULL,
  `email` varchar(50) NOT NULL,
  `gymnase` varchar(50) NOT NULL,
  `localisation` varchar(200) NOT NULL,
  `jour_reception` varchar(10) NOT NULL,
  `heure_reception` varchar(5) NOT NULL,
  `site_web` varchar(50) NOT NULL,
  `photo` varchar(200) NOT NULL,
  `fdm` varchar(50) NOT NULL,
  PRIMARY KEY (`id_equipe`)
) ENGINE=InnoDB DEFAULT CHARSET=latin1;

--
-- Contenu de la table `details_equipes`
--

INSERT INTO `details_equipes` (`id_equipe`, `responsable`, `telephone_1`, `telephone_2`, `email`, `gymnase`, `localisation`, `jour_reception`, `heure_reception`, `site_web`, `photo`, `fdm`) VALUES
(1, 'Jean-Marc Suarnet', '04.42.12.30.64', '06.80.06.82.11', 'jeanmarc.suarnet@freesbee.fr', 'Cosec Collège Font d Aurumy', '43.446945,5.559704', 'Mardi', '20h30', '', '', 'Fuveau1.pdf'),
(2, 'Eric PASCALIN', '', '06 15 87 83 50', 'eric.pascalin@cpam-marseille.cnamts.fr', 'Beaumont Bombardiere', '213 rue Charles Kaddouz.13012 Marseille', 'Mercredi', '19h45', 'http://www.vcme.fr', '', 'VcMarseilleEst1.pdf'),
(3, 'Stéphane D''ORIO', '06 87 02 66 26', '', 'stefdorio@hotmail.com', 'Mas du Barreau, Eyguières ', '', 'Jeudi', '20h30', '', '', 'Eyguieres1.pdf'),
(4, 'Fabrice RAUX', '', '06 62 11 23 48', 'fabrice.raux@groupeatsi.com', 'Salle Omnisport, Eguilles', '43.573194,5.345546', 'Lundi', '20h15', '', '', 'Eguilles1.pdf'),
(5, 'Grégory ALLOUCHE', '', '06.68.56.30.11', 'g_allouche@yahoo.fr', 'Hall des sports Carcassonne', '43.5212193, 5.4638912', 'Mardi ', '20h00', '', '', 'AspttAix1.pdf'),
(7, 'Matthieu FROT', '06 61 30 74 76', '', 'm.frot@free.fr', 'Hall des sports Carcassonne, Aix en Provence', '43.5212193, 5.4638912', 'Mardi', '20h', '', '', 'AspttAix2.pdf'),
(8, 'Sébastien Trovatello', '06 79 82 40 81', '', 'sebastien.trovatello@eurocopter.com', 'Complexe Sportif Eurocopter, A', '43.410496,5.242646', 'Jeudi', '20h', '', '', 'Eurocopter1.pdf'),
(9, 'Philippe BERNARD', '04.42.28.83 56', '06.08.17.64.21', 'philippe.bernard@apx.fr', 'Salle Reine Jeanne, Ventabren', '43.536408,5.293586', 'Vendredi', '20h30', '', '', 'Ventabren1.pdf'),
(11, 'Sébastien CERDA', '06-14-39-69-39', '', 'mazoute51@wanadoo.fr', 'Salle Omnisport Paul Sias, Grans', '43.608146,5.067723', 'vendredi', '20h40', '', '', 'GransAil1.pdf'),
(12, 'Laurent GORLIER', '06 03 05 97 70', '', 'laurent.gorlier@gmail.com', 'Croix Rouge, 30 av de Fournacle, 13013 Marseille', '43.3309586, 5.4574862', 'Lun ou Mer', '19h45', 'http://ecsmvb.web.free.fr', '', 'Ecsmarseille1.pdf'),
(13, 'Philippe RESICATO', '04.42.57.51.39', '06.22.03.42.32', 'resicatophilippe@wanadoo.fr', 'Gymnase Municipal', '43.633373,5.523119', 'jeudi', '20h', '', '', 'Meyrargues.pdf'),
(14, 'Florian Martin', '06 26 56 72 24', '', 'flomartin13@yahoo.fr', 'Adrien Ricaud, Ensuès la Redonne', '43.35646,5.191609', 'Mercredi', '20H30', 'http://koala.ensues.', '', 'EnsuesKoala1.pdf'),
(15, 'Jérémi GIL-BELCHIL', '04.42.03.70.50', '06.14.23.50.77', 'jems.gyls@hotmail.fr', 'Gymnase Forbin, Av St Marcel - Marseille', '', '', '', '', '', ''),
(16, 'Thomas BAILET', '0661812286', '', 'thomas.bailet@laposte.net', 'Raymond Escavi, Roquevaire', '43.348061,5.603167', 'Mercredi', '20h00', 'http://vbr13.free.fr', '', 'Roquevaire1.pdf'),
(17, 'Paul Massiani', '04 42 73 28 33', '', 'paul.massiani@free.fr', 'Marius Aimonetto, La Bédoule', '43.248274,5.586001', 'Mercredi', '20h00', '', '', ''),
(19, 'Eric FOULHAC et Olivier GRIFFATON', '0686441453 (ef', '0679609240 (og', 'olivier.griffaton@restekfrance.fr', 'Gymnase Mouren, Aubagne', '43.286437,5.583512', 'lundi', '19h45', 'www.aubagnevolley.com', '', 'AubagneVb1.pdf'),
(20, 'Philippe MILLANCOURT', '06.61.42.95.90', '', 'Millancourt.philippe@free.fr', 'Albert Camus, Avenue Jules Andraud, 13380 Velaux', '43.525036,5.259393', 'Lundi', '20h30', 'http://covf.volleyball.free.fr', '', 'Velaux1.pdf'),
(21, 'Stéphane GRECK', '06 11 15 26 49', '04 42 58 89 10', 'stephane.greck@gmail.com', 'Maurice Amalbert, Gréasque', '43.432630,5.542029', 'Mardi', '20h30', '', '', 'Greasque.pdf'),
(22, 'Grégoire MACHARD', '', '06 79 64 67 63', 'gregoire.machard@gmail.com', 'Fontvenelle, Gardanne', '43.459235,5.460758', 'Jeudi', '20h00', 'http://www.cles-gardanne.fr/sport.php?sp=Volleybal', '', 'Gardanne.pdf'),
(23, 'Sébastien Gherrat', '', '', 'sebastien.gherrat@snef.fr', 'Gymnase Santi, Marseille', '', 'Lundi', '19h', '', '', ''),
(24, 'Raphaël JULMY', '06 19 68 21 70', '', 'rjulmy@gmail.com', 'Beaumont Bombardiere', '213 rue Charles Kaddouz.13012', 'jeudi', '19h45', 'www.vcme.fr', '', 'VcMarseilleEst2.pdf'),
(25, 'Albert PEYRON', '04.90.56.52.05', '06.61.10.35.04', 'albert.peyron@free.fr', 'Salle Reine Jeanne, Ventabren', '43.536408,5.293586', 'Vendredi', '20h30', '', '', ''),
(26, 'Benjamin JUNET', '', '06 47 94 77 87', 'benjamin.junet@gmail.com', 'Hall des sports Carcassonne, Aix en Provence', '43.522651, 5.463069', 'Mardi', '20h', '', 'images/equipes/aspttaxi3.jpg', 'AspttAix3.pdf'),
(27, 'Marine ANDRÉ', '04.42.28.83.69', '07.77.08.12.33', 'volley.ventabren@gmail.com', 'Salle Reine Jeanne, Ventabren', '43.536408,5.293586', 'Vendredi', '20h30', '', '', 'Ventabren2.pdf'),
(28, 'Philippe TORCOL', '04.42.21.52.05', '06.77.74.50.68', 'philippe.torcol@cegetel.net', 'Salle Omnisport, Eguilles', '43.573194,5.345546', 'Lundi', '20h15', '', '', 'Eguilles2.pdf'),
(29, 'Romain BOUZIGE', '04.91.65.78.95', '06.24.83.03.47', 'romain.bouzige@wanadoo.fr', 'Pas de gymnase', '', '', '', '', '', ''),
(30, 'Olivier MEYER', '', '06.76.30.95.59', 'meyer-olivier@hotmail.fr', 'Sylvestre GRUZZA, Rognac', '43.482804,5.234653', 'mercredi', '20h15', '', '', 'Rognac.pdf'),
(31, 'Christian NAVARRO', '08.71.72.15.18', '06.30.93.17.35', 'cnavarro@free.fr', 'La Valentine, Marseille', '', '', '', '', '', ''),
(32, 'Emmanuel BREGLIANO', '', '06 19 32 94 21', 'ebregliano@free.fr', 'Collège Font d''Aurumy, Fuveau', '43.446945,5.559704', 'mardi', '20h30', '', '', 'Fuveau2.pdf'),
(33, 'CERDA Sébastien', '', '06.14.39.69.39', 'mazoute51@wanadoo.fr', 'Salle Omnisport Paul Sias, Grans', '43.608146,5.067723', 'vendredi', '20h40', '', '', 'GransAil2.pdf'),
(34, 'Julie LOIRET', '06 81 13 52 61', '', 'julie.loiret@orange.fr', 'Raymond Escavi, Roquevaire', '43.348061,5.603167', 'Mercredi', '20h00', 'http://vbr13.free.fr', '', 'Roquevaire2.pdf'),
(35, 'Emeline KNIPPING', '04.42.52.39.94', '06.68.22.46.56', 'aliavis@free.fr', 'Salle Omnisport, Eguilles', '43.573194,5.345546', 'Jeudi', '20h15', '', '', ''),
(36, 'Guillaume Estève', '06 63 35 30 80', '', 'lamidespingouins@gmail.com', 'Croix Rouge, avenue fournacle 13013 Marseille', '43.331356,5.457454', 'vendredi', '20h', 'www.asc-perier.fr', '', 'AscPerier.pdf'),
(37, 'Arnaud LACOMBE', '06 20 32 79 59', '0490791186', 'i.lacombe@sfr.fr', 'Gymnase Carcassonne Aix en Provence', '', 'Vendredi', '20H00', '', '', 'AixAero1.pdf'),
(38, 'Jérémy WADIN', '04.91.24.31.86', '06.18.45.42.55', 'jeje6@hotmail.com', 'Gymnase Rabelais, Marseille', '43.568452,5.454025', 'Lundi', '19h30', '', '', ''),
(39, 'Pascal GIMENO', '04.42.09.65.41', '06.50.22.53.85', 'pgimeno1@free.fr', 'Adrien Ricaud, Ensuès la Redonne', '43.35646,5.191609', 'Mercredi', '20H30', 'http://koala.ensues.free.fr', '', 'EnsuesKoala2.pdf'),
(40, 'stephane MARTIN', '06 50 52 38 69', '', 'NNESTA@VOILA.FR', 'st zacharie', '', 'vendredi', '20h', '', '', 'SaintZacharieVb1.pdf'),
(41, 'GORLIER Laurent', '0603059770', '', 'laurent.gorlier@gmail.com', 'Croix Rouge, 30 avenue Fournacle 13013 Marseille ', '43.3309586, 5.4574862', 'Lundi', '19h45', 'http://ecsmvb.web.free.fr', '', 'Ecsmarseille2.pdf'),
(42, 'Firmano ANTOINETTE', '', '06 76 76 12 94', 'f.antoinette@hotmail.fr', 'Hall des sports Carcassonne, Aix en Provence', '43.5212193, 5.4638912', 'Mardi', '20h', '', '', 'AspttAix4.pdf'),
(43, 'Astier Thomas', '', '06.80.08.33.93', 'thomas.astier@eurocopter.com', 'Complexe Sportif Eurocopter, A', '43.410496,5.242646', 'Jeudi', '20h', '', '', 'Eurocopter2.pdf'),
(44, 'BEURENO Yohann - DONNAY Aurélien', '06.23.74.79.56', '06.68.22.20.22', 'ybeureno@hotmail.com', 'Complexe sportif du Mas de Barreau', '43.686642,5.034419', 'Jeudi', '20h00', '', '', 'Eyguieres2.pdf'),
(45, 'Laurent FABRE', '06 10 65 42 00', '06 10 65 42 00', 'laurentfabre@wanadoo.fr', 'Guy Drut (Rue Commandant Cousteau)', '', 'vendredi', '20h00', '', '', 'BoucBelAir1.pdf'),
(46, 'Christophe DUFAU', '06 64 45 76 27', '', 'xttof@free.fr', 'Collège Font d''Aurumy FUVEAU ', '43.446945,5.559704', 'Jeudi', '20h30', '', '', ''),
(47, 'Philip Perdomo // Perier Citron', '06 14 91 50 61', '04 91 07 29 08', 'pperdomo@free.fr', 'La Marie/la Croix-Rouge, Av Fournacle Marseille', 'http://maps.google.fr/maps/ms?hl=fr&ie=UTF8&msa=0&ll=43.331359,5.457458&spn=0.008663,0.017402&t=h&z=16&msid=106739076206762990784.0004621474f784ab3847c', 'Vendredi', '20h00', '', '', 'PerierCitron.pdf'),
(48, 'Yohann BEURENO', '06 23 74 79 56', '', 'ybeureno@hotmail.com', 'complexe sportif du mas de Barreau', '', 'mercredi', '20h00', '', '', ''),
(49, 'Guillaume SAUVESTRE', '06.80.34.90.55', '', 'guillaume.sauvestre@lyonnaise-des-eaux.fr', 'COSEC du collège les Amandierets', '', 'Mardi', '19h30', '', '', ''),
(50, 'Michel MARCIANO', '06 82 68 07 90', '', 'mitch.marciano@gmail.com', 'traverse Santi 13015 Marseille', '43.343688,5.348239', 'jeudi', '19h30', 'http://ecsmvb.web.free.fr', '', 'Ecsmarseille3.pdf'),
(51, '', '', '', '', 'Albert Camus - Rue Jules Andraud', '43.524817,5.259691', 'Lundi', '20h', 'http://covf.volleyball.free.fr/', '', 'Velaux2.pdf'),
(52, 'Thierry FERNANDEZ', '', '06 03 20 58 28', 'thierryfern@aliceadsl.fr', 'Aix en Provence', 'CARCASSONNE', 'Vendredi', '20H00', '', '', 'AixAero2.pdf'),
(53, 'DURAND Stephane', '', '06 64 03 40 24', 'stephduran@modulonet.fr', 'Louis Armand - 118 Rue St Jean du Desert - 13012 ', '', 'Vendredi', '19h30', '', '', ''),
(54, 'MALOSSE Vincent', '06.21.73.21.71', '', 'vincent.malosse@ekium.eu', 'Louis Armand - 118 Rue St Jean du Desert 13012 ', '', 'Vendredi', '20h00', 'http://marseillevolley.free.fr/', '', 'MarseilleVb1.pdf'),
(55, 'Jean-Cyril GANNARD', '06 32 04 81 32', '', 'jean-cyril.gannard@laposte.net', 'Louis Armand - 118 Rue St Jean du Desert 13012', '', 'Vendredi', '20h00', '', '', 'MarseilleVb2.pdf'),
(57, 'Daniel Bilardu', '06 88 13 60 42', '04 94 11 30 14', 'volley.slhits@gmail.com', 'La Marquisanne ', 'Rue d''Alexandrie 83200 TOULON', 'Mardi', '20h', '', '', ''),
(59, 'Christine HESSE', '04.42.78.75.47', '06.03.30.59.41', 'chesse@gagneraud.fr', 'Sylvestre Gruzza, Rognac', '43.482804,5.234653', 'Jeudi', '20h', '', '', 'Rognacf.pdf'),
(60, 'Camille Chodorge', '0687613476', '', 'sosseyo@hotmail.com', 'Ruissatel', '30 chemin des Accates. 13011 Marseille', 'Vendredi', '19h15', 'http://www.vcme.fr', '', 'VCMarseilleEst2f.pdf'),
(61, 'Mélanie LONGUET', '', '06 71 63 06 92', 'melanie@itika.net', 'Croix Rouge - 30 av de Fournacle - 13013 Marseille', '43.3309586, 5.4574862', 'Lundi', '19h45', '', '', 'Ecsmarseille2f.pdf'),
(62, 'Houria GACEM', '', '06.68.01.09.83', 'houria.gacem@yahoo.fr', 'Ruissatel', '30 chemin des accates.13011 Marseille', 'Vendredi', '19h30', 'http://www.vcme.fr', '', 'VCMarseilleEst1f.pdf'),
(63, 'céline VITELLI', '06 83 46 30 12', '', 'celinecissou@yahoo.fr', '', '', 'Jeudi/Vend', '20h00', 'www.cles-gardanne.fr', '', 'Gardanne1f.pdf'),
(64, 'Sandrine ROTHBLEZ', '', '06 75 06 52 31', 'sandrine.rothblez@yahoo.fr', 'Collège Font d''Aurumy, Fuveau', '43.446945,5.559704', 'Mardi', '20h30', '', '', ''),
(65, 'Céline TROUILLARD', '06.10.87.51.45', '06.22.75.14.00', 'celine-donnat@wanadoo.fr', 'Salle Omnisport Paul Sias, Grans', '43.608146,5.067723', 'Vendredi', '20h40', '', '', ''),
(66, 'Marine RICHELME', '0647877160', '', 'marine.richelme@eurocopter.com', 'Compl Sportif Eurocopter - Av Calderon St Victoret', '', 'Jeudi', '20h00', '', '', 'Eurocopterf.pdf'),
(67, 'Anne-Sophie VESPERINI', '', '06 09 52 33 38', 'vesperini@hotmail.fr', 'Louis Armand 118 Rue St Jean du Desert 13012', '', 'Vendredi', '20h00', '', '', 'MarseilleVb1f.pdf'),
(68, 'Carole ONESIME', '', '06.61.14.99.36', 'paco0013@free.fr', 'Halle des Sports St Zacharie Bd Martyrs Résistance', '43.383359,5.702838', 'vendredi', '20h00', '', '', ''),
(69, 'Magali HUGUES', '06 99 38 18 52', '', 'mag13_1986@hotmail.com', 'Gymnase Font d''Aurumy', '', 'mar/jeu', '20h30', '', '', ''),
(70, 'Magali GORLIER', '', '06.26.42.22.30', 'magaligorlier@gmail.com', 'Gymnase Croix rouge 30, avenue de fournacle', '', 'Lundi', '19h45', 'http://ecsmvb.web.free.fr', '', 'Ecsmarseille1f.pdf'),
(71, 'Amandine PASCAL', '04 91 45 41 52', '06 22 64 10 13', 'dadine13@hotmail.com', 'Gymnase Heinrich Rue Paul Cezanne 13470 Carnoux', '', 'Vendredi', '20h00', '', '', ''),
(72, 'Magali HUGUES', '06.15.18.10.08', '', 'mag.hugues@gmail.com', 'Fontvenelle (aux pompiers)', '', 'Jeu/Ven', '20h00', '', '', 'Gardanne2f.pdf'),
(73, 'Gisèle RAYNAL-MARTINEZ', '0662565996', '', 'gimadasyl@neuf.fr', 'Louis Armand 118 St Jean du Desert 13012 Marseille', '', 'Vendredi', '20h00', '', '', 'MarseilleVb2f.pdf'),
(74, 'Mme Gaëlle APPERT', '06 86 58 33 14', '', 'gaelle.appert@bnpparibas.com', 'Louis Armand 118 Rue St Jean du Desert 13012 ', '', 'Vendredi', '20h00', '', '', ''),
(75, 'Brice NICOLLE', '06 82 53 07 06', '', 'brice.nicolle@free.fr', 'Paul TACHER', 'N43°37''55'''' / E 5°09''22''''', 'jeudi', '20h', '', '', 'Pelissanne.pdf'),
(76, 'Sébastien Sanchez', '0689090246', '', 'seb.smf@orange.fr', ' Avenue des Ginestes,  O.ARCELLI', '', 'jeudi', '19h45', '', '', 'Entressen.pdf'),
(77, 'Guillaume Depommier', '06 78 42 83 51', '', 'guillaume.depommier@eurocopter.com', 'Complexe Sportif Eurocopter Av JL Calderon Saint V', '43.410496,5.242646', 'Jeudi', '20h00', '', '', 'Eurocopter3.pdf'),
(78, 'Kerrad  Nabil ', '0660260006', '', 'Nabil.kerrad@gmail.com', 'Collége Louis Armand - 118 rue St Jean du desert -', '', 'Vendredi', '20h00', '', '', ''),
(79, 'Thomas FRAILLON', '06 82 67 51 61', '', 'tom.fraillon@gmail.com', 'Coubertin', '', 'mercredi', '19h45', '', '', 'Salon.pdf'),
(80, 'Grégory RICHEZ', ' 6 20 14 38 12', '', 'gregrichez@hotmail.fr', 'salle du 4 septembre', '', 'Jeudi', '20h30', '', '', 'SaintCannat.pdf'),
(81, 'Jean Louis CAMBERT', '06 19 75 56 90', '04 42 45 71 01', 'koala.ensues@gmail.com', 'A RICAUD - Av de la Côte Bleue - 13820 ENSUES', '43.35646,5.191609', 'Mercredi', '20H45', '', '', 'EnsuesKoala3.pdf'),
(82, 'Catherine Boyer', '06 14 31 06 65', '', 'tursiop7@free.fr', 'Gymnase de la croix rouge', '43.331356,5.457454', 'Vendredi', '20h00', '', '', 'PerierMenthef.pdf'),
(83, 'Marine ANDRÉ', '0777081233', '0442288369', 'volley.ventabren@gmail.com', 'Salle Reine Jeanne, Ventabren', '43.536408,5.293586', 'Vendredi', '20h30', '', '', 'Ventabrenf.pdf'),
(84, 'Faihy Caroline', '06 10 14 01 52', '', 'cfaihy@hotmail.fr', 'Adrien Ricaud, Ensuès la Redonne', '43.35646,5.191609', 'Mercredi', '20H30', '', '', 'EnsuesKoalalettesf.pdf'),
(85, 'Sophie Mery', '', '06 25 88 16 00', 'sophie.mery@gmail.com', 'Croix Rouge 30 Av Fournacle 13013 Marseille', '43.3309586, 5.4574862', 'Lundi', '19h45', 'http://ecsmvb.web.free.fr', '', 'Ecsmarseille3f.pdf'),
(95, '', '', '', '', '', '', '', '', '', '', ''),
(96, '', '', '', '', '', '', '', '', '', '', ''),
(97, '', '', '', '', '', '', '', '', '', '', ''),
(98, 'Olivier FABIANI', '0684803709', '', 'olivier.fabiani@tdf.fr', 'Guy DRUT', '', 'vendredi', '20h', 'http://www.bba-volleyball.fr/', '', 'BoucBelAir2.pdf'),
(101, 'Audrey SORGATO ou Jean-Georges ROBLES', '06.88.20.12.85', '0609048651 JG', 'audrey.sorgato@ecsplicite.com', 'Mouren', '- lat : 43.28624431 - long : 5.58250', 'lundi', '19h45', 'http://aubagnevolleyball.fr/', '', 'AubagneVb2.pdf'),
(102, 'SEVILLA Stéphane', '06-13-54-16-57', '04-86-37-50-27', 'sevilla@cablerie.com', 'LA LOGE CARRY LE ROUET', '43.338605 // 5.155769', 'Vendredi', '20h15', 'http://cbvb.clubeo.com/', '', 'CoteBleueVB1.pdf'),
(103, 'Olivier LEBE', '06.27.59.02.06', '', 'lebe.olivier@gmail.com', 'la loge carry-le-rouet', '', 'Vendredi', '20h15', '', '', 'CoteBleueVB2.pdf'),
(104, 'MARTIN Stéphane', '0650523869', '', 'NNESTA@VOILA.FR', 'HALLE', '', 'VENDREDI', '20H', '', '', 'SaintZacharieVB2.pdf'),
(105, 'Christelle BENARD', '0670564971', '0488718943', 'cbenard@insidefr.com', '', '', '-', '', 'https://plus.google.com/102731000252207412617', '', 'Amis.pdf'),
(106, 'Magali HUGUES', '06.15.18.10.08', '', 'mag.hugues@gmail.com', '', '', 'Jeud/vend', '20h00', '', '', 'Gardanne3f.pdf'),
(108, 'Céline BUCHEL', '06 61 58 30 78', '', 'buchel.laurent@neuf.fr', 'P.TACHER', 'AVENUE ST ROCH', 'lundi', '20h30', 'http://pelissannevolley.jimdo.com/', '', 'Pelissannef.pdf'),
(109, 'Marjorie Orivelle', '06 50 74 99 88', '', 'marjorie.orivelle@laposte.net', 'Mas du Barreau', '', 'Jeudi', '20h00', '', '', 'Eyguieresf.pdf'),
(110, 'Julie RICHARD', '06.15.77.48.92', '', 'juliane13100@hotmail.com', '', '', '', '', '', '', 'Kh.Anacondas.pdf'),
(111, 'Hervé GROSHENRY', '06.43.69.94.17', '', 'herve.groshenry@orange.fr', 'Mouren, Aubagne', '43.286437,5.583512', 'Lundi', '19h45', '', '', 'KhAubagneVb1.pdf'),
(112, 'Magali GORLIER ', '06.26.42.22.30', '', 'magaligorlier@gmail.com', '', '', '', '', '', '', 'Kh.ECSM1.pdf'),
(113, 'Ingrid CONTINI', '06.10.22.92.51', '', 'ingrid.contini@laposte.net', '', '', '', '', '', '', 'Kh.ECSM2.pdf'),
(114, 'Céline VITELLI', '06.83.46.30.12', '', 'celinecissou@yahoo.fr', 'Fontvenelle, gardanne', '43.459235,5.460758', 'Jeudi', '20h00', '', '', 'KhGardanne1.pdf'),
(115, 'Magali HUGHES', '06.15.18.10.08', '', 'mag.hugues@gmail.com', 'Gymnase Fontvenelle, Gardanne', '', 'Jeudi', '20h00', '', '', 'KhGardanne2.pdf'),
(116, 'Julien OUDIN', '06 37 56 16 34', '', 'julien.oudin@gmail.com', 'Fontvenelle, Gardanne', '43.459235,5.460758', 'Jeudi', '20h00', '', '', 'KhGardanne3.pdf'),
(117, 'Christelle BENARD', '06.70.56.49.71', '', 'cbenard@insidefr.com', '', '', '', '', '', '', 'KhInside.pdf'),
(118, 'Olivier PALAZZOTTO', '06.99.74.32.83', '04.91.28.01.30', 'odem23@yahoo.fr', '30, avenue de Fournacle 13012 Marseille', '43.331356,5.457454', 'Vendredi', '20h', 'www.asc-perier.fr', '', 'Kh.Kamate.pdf'),
(119, 'Cloe LARUELLE', '06.46.43.41.19', '', 'gaia608@hotmail.com', '', '', '', '', '', '', 'Kh.Kmisole.pdf'),
(120, 'Fabienne ALIBEU', '06.78.67.54.08', '', 'alibeufabienne@yahoo.fr', 'A.Ricaud - 58 av. de la Côte Bleue 13820 Ensuès la', '      Lat x Lon : 43.356493, 5.1989782', 'mercredi', '20h30', 'http://koala.ensues.free.fr', '', 'Kh.Kpotes.pdf'),
(121, 'Charlotte TERNANT', '06.25.50.29.88', '', 'mamome@sfr.fr', '', '', '', '', '', '', 'Kh.Ksociaux.pdf'),
(122, 'Céline BUCHEL', '06.61.58.30.78', '', 'buchel.laurent@neuf.fr', '', '', 'lundi', '20h30', '', '', 'KhPelissaneA.pdf'),
(123, 'Claudine ESCUDIER', '06 19 39 71 15', '', 'escudier.claudine@orange.fr', '', '', 'Lundi', '20h30', '', '', 'KhPelissaneB.pdf'),
(124, 'Thierry MOUTIN', '04.91.75.42.61', '04.91.82.95.60', 'thierry.moutin@univmed.fr', 'de la croix rouge/La Marie', '30 Av. Fournacle, Marseille.', 'vendredi', '20h', '', '', 'Kh.Aloha.pdf'),
(125, 'Cyril PONS', '06.82.27.90.82', '', 'pons.cyril@gmail.com', '', '', '', '', '', '', 'Kh.PerierKiwizz.pdf'),
(126, 'Guillaume DEPOMMIER', '06.78.42.83.51', '04.42.85.27.89', 'guillaume.depommier@eurocopter.com', 'Eurocopter St Victoret', '', 'jeudi', '20h00', '', '', 'KhTatawin.pdf'),
(127, 'Marine ANDRE', '07.77.08.12.33', '', 'volley.ventabren@gmail.com', 'salle reine jeanne', '', 'vendredi', '20h30', '', '', 'KhVentabren.pdf'),
(128, 'Charlotte Ternant-Coppens', '06 25 50 29 88', '', 'mamome@sfr.fr', 'Adrien Ricaud, Ensuès la Redonne', '43.35646,5.191609', 'Mercredi', '20H45', '', '', 'EnsuesKoalettes1f.pdf'),
(129, 'Gaëlle DENIEL', '06 81 37 42 43', ' ', 'gaelle_deniel@hotmail.fr', 'Ensuès', ' ', 'Mercredi ', '20h30', 'http://koala.ensues.free.fr/', '', 'EnsuesKoalettes2f.pdf'),
(130, 'BOULESTIN Cyrille', '06 07 78 05 39', '06 63 38 87 30', 'cboulestin@cokecce.com ', 'Collège de Trets', '', 'samedi mat', '7h30 ', 'http://club.quomodo.com/tretsvolleyloisir/accueil', '', 'Trets.pdf'),
(131, 'David Durlot', '06 760 111 71', '', 'davdurlot@orange.fr', 'Pélissanne', '', 'Jeudi', '20h00', '', '', ''),
(132, 'Kévin Lombarte', '0619622823', '', 'lombarte.kevin@neuf.fr', 'Caphan', '', 'vendredi', '20h00', '', '', ''),
(133, 'Gente yoan', '0683048968', '', 'asgon@hotmail.fr', 'Avenue charles de gaulle 13370 MALLEMORT', '', 'LUNDI', '20h30', '', '', ''),
(134, 'Stéphane MARTIN', '0650523869', '', 'nnesta@voila.fr', 'halle aux sports de saint zacharie', '', 'vendredi', '20h', '', '', ''),
(135, 'Marlène DAUTREME', '06 76 78 69 93', '', 'dmarlene4@aol.com', 'Gymnase Marcel Cau - 475 Avenue San Peyres - Puyri', '43.578743, 5.423071', 'Mercredi', '20h30', '', '', ''),
(136, 'Aline HUGUES', '06.42.27.36.90', '', 'nanie180579@hotmail.com', 'les Carabins chemin du Gari 13270 Fos sur mer', '', 'Jeudi', '20h45', 'http://volleyballfosseen.free.fr/', '', 'Fosseennes.pdf'),
(137, 'Audrey SORGATO', '06.88.20.12.85', '', 'audrey.sorgato@ecsplicite.com', 'Mouren', '', 'lundi', '19h45', '', '', 'KhAubagneVb2.pdf'),
(138, 'DAUTREME Marlene', '06 76 78 69 93', '', 'dmarlene4@aol.com', 'Gymnase Marcel Cau, 475 av San Peyres, Puyricard', '', 'Mercredi', '20h30', '', '', 'KhFedAix.pdf'),
(139, 'Alain Condé', '06 88 07 05 78', '', 'dbzzzde@hotmail,com', 'Gymnase des Carabins, Fos sur mer', '', 'Jeudi', '20h45', 'http://volleyballfosseen.free.fr/', '', 'KhFos1.pdf'),
(140, 'HUGUES Aline', '06 42 27 36 90', '', 'nanie180579@hotmail.com', 'Gymnase des Carabins, Chemin du Gari 13270 Fos sur', '', 'Lundi', '20h30', '', '', 'KhFos2.pdf'),
(141, 'Stephane Jardel', '06.71.86.16.10', '', 'stephane.jardel@eurocopter.com', 'Complexe Eurocopter - Marignane', '', 'jeudi', '20h', '', '', 'KhIbuproVoltarene.pdf'),
(142, 'BELLON Lionel', '06 13 22 20 82', '', 'blnlionel@gmail.com', 'Collége Louis Armand, Marseille', '', 'Vendredi', '20h00', '', '', 'KhJokerMv13.pdf'),
(143, 'TERNANT Charlotte', '06 25 50 29 88', '', 'mamome@sfr.fr', 'Gymnase A. Ricaud, Ensues', '43.35646,5.191609', 'Mercredi', '20h45', '', '', 'KhKarakteriels.pdf'),
(144, 'Yael BERGUIG', '06 60 72 78 42', '', 'patesalafeta@gmail.com', 'Gymnase A. Ricaud, Ensues', '43.35646,5.191609', 'Mercredi', '20h45', '', '', 'KhKurly.pdf'),
(145, 'Pierre CHOURAQUI', '06 82 05 02 89', '', 'chouraquip@yahoo.fr', 'Gymnase A. Ricaud, Ensues', '43.35646,5.191609', 'Mercredi', '20h45', '', '', 'KhKwadrature.pdf'),
(146, 'BODEA Simona', '06 29 30 21 41', '', 'bodea@irphe.univ-mrs.fr', 'Gymn Ruissatel, 30 ch des Accates, 13011 Marseille', '', 'Vendredi', '19h30', '', '', 'KhLesBrasCasses.pdf'),
(147, 'LARGUIER Julie', '06.88.30.07.79', '', 'jujube.volley@gmail.com', 'Gymnase Cau - 475 Avenue San Peyre - 13540 PUYRICA', '', 'Mercredi', '20h30', '', '', 'KhLesKleenAix.pdf'),
(148, 'Ingrid CONTINI', '06 10 22 92 51', '', 'ingrid.contini@laposte.net', 'Gymnase La Croix Rouge/ La Marie, Marseille', '43.331356,5.457454', 'Lundi', '19h45', '', '', 'KhLesPlaiesMobiles.pdf'),
(149, 'Gisèle RAYNAL-MARTINEZ', '06 62 56 59 96', '', 'gimadasyl@neuf.fr', 'Louis ARMAND', '116 bd St Jean du désert. 13011 MARSEILLE', 'Vendredi', '20h00', '', '', 'KhMarseilleVolley.pdf'),
(150, 'Laurent GORLIER', '06 03 05 97 70', '', 'laurent.gorlier@gmail.com', 'Gymnase La Croix Rouge/ La Marie, Marseille', '', 'Lundi', '19h45', '', '', 'KhMojitos.pdf'),
(151, 'Philip Perdomo', '06 14 91 50 61', '', 'pperdomo@free.fr', 'Gymnase La Croix Rouge/ La Marie, Marseille', '43.331356,5.457454', 'Vendredi', '20h00', '', '', 'KhPerierMentheCitron.pdf'),
(152, 'PONS Cyril', '06 82 27 90 82', '', 'pons.cyril@gmail.com', 'gymnase La Marie avenue Fournacle Marseille 13013', '', 'Vendredi', '20h00', '', '', 'KhPerierPlaisir.pdf'),
(153, 'Myriam GUARINO', '06 59 43 91 57', '', 'guarino.myriam@hotmail.fr', 'Sans Gymnase', '', '', '', '', '', 'KhTrets.pdf'),
(154, 'Renaud DOUZIECH', '06 67 77 53 86', '', 'renaud_de_martinique@hotmail.com', 'Gymnase Ruissatel, Marseille', '43.331356,5.457454', 'Vendredi', '19h30', '', '', 'KhVcme.pdf'),
(155, 'Melinand Ludovic', '06 78 13 17 47', '04.91.44.19.94', 'ludovic.melinand@laposte.net', 'Ruissatel, Marseille', '', 'Vendredi', '19h30', '', '', ''),
(156, 'Charles PAPAIX', '', '', 'charles.papaix@colas-mm.com', 'Trets', '', 'Vendredi', '20h00', '', '', ''),
(157, 'Charles PAPAIX', '', '', 'charles.papaix@colas-mm.com', 'Rousset', '', 'Mercredi', '20h00', '', '', ''),
(158, '', '', '', '', '', '', 'Jeudi', '19h30', '', '', ''),
(159, '', '', '', '', '', '', 'Jeudi', '19h30', '', '', ''),
(160, '', '', '', '', '', '', '-', '-', '', '', ''),
(161, '', '', '', '', '', '', '-', '-', '', '', ''),
(162, '', '', '', '', '', '', 'Mercredi', '20h45', '', '', ''),
(163, '', '', '', '', '', '', 'Jeudi', '19h30', '', '', ''),
(164, '', '', '', '', '', '', 'Vendredi', '20h00', '', '', '');

-- --------------------------------------------------------

--
-- Structure de la table `equipes`
--

CREATE TABLE IF NOT EXISTS `equipes` (
  `id_equipe` smallint(3) NOT NULL AUTO_INCREMENT,
  `code_competition` varchar(2) NOT NULL,
  `nom_equipe` varchar(50) NOT NULL,
  PRIMARY KEY (`id_equipe`)
) ENGINE=InnoDB  DEFAULT CHARSET=latin1 AUTO_INCREMENT=165 ;

--
-- Contenu de la table `equipes`
--

INSERT INTO `equipes` (`id_equipe`, `code_competition`, `nom_equipe`) VALUES
(1, 'm', 'Fuveau 1'),
(2, 'm', 'Marseille Est 1'),
(3, 'm', 'Eyguières 1'),
(4, 'm', 'Eguilles 1'),
(5, 'm', 'ASPTT Aix 1'),
(6, 'm', 'Marseille Est 3'),
(7, 'm', 'ASPTT Aix 2'),
(8, 'm', 'Eurocopter 1'),
(9, 'm', 'Ventabren 1'),
(11, 'm', 'Grans AIL 1'),
(12, 'm', 'ECS Marseille 1'),
(13, 'm', 'Meyrargues'),
(14, 'm', 'Ensuès Koala 1'),
(15, 'm', 'SFP Aubagne'),
(16, 'm', 'Roquevaire 1'),
(17, 'm', 'La Bédoule'),
(19, 'm', 'Aubagne VB 1'),
(20, 'm', 'Velaux COVF 1'),
(21, 'm', 'Gréasque'),
(22, 'm', 'Gardanne'),
(23, 'm', 'SNEF Marseille'),
(24, 'm', 'Marseille Est 2'),
(25, 'm', 'Ventabren 3'),
(26, 'm', 'ASPTT Aix 3'),
(27, 'm', 'Ventabren 2'),
(28, 'm', 'Eguilles 2'),
(29, 'm', 'AS CETE'),
(30, 'm', 'Rognac'),
(31, 'm', 'Marseille Est 4'),
(32, 'm', 'Fuveau 2'),
(33, 'm', 'Grans AIL 2'),
(34, 'm', 'Roquevaire 2'),
(35, 'm', 'Eguilles 3'),
(36, 'm', 'ASC Périer 1'),
(37, 'm', 'Aix Aéro 1'),
(38, 'm', 'Pious Pious'),
(39, 'm', 'Ensuès Koala 2'),
(40, 'm', 'St Zacharie VB'),
(41, 'm', 'ECS Marseille 2'),
(42, 'm', 'ASPTT Aix 4'),
(43, 'm', 'Eurocopter 2'),
(44, 'm', 'Eyguières 2'),
(45, 'm', 'Bouc Bel Air 1'),
(46, 'm', 'Fuveau 3'),
(47, 'm', 'ASC Périer Citron'),
(48, 'm', 'Eyguières 3'),
(49, 'm', 'Chateauneuf'),
(50, 'm', 'ECS Marseille 3'),
(51, 'm', 'Velaux COVF 2'),
(52, 'm', 'Aix Aéro 2'),
(54, 'm', 'Marseille Volley 1'),
(55, 'm', 'Marseille Volley 2'),
(57, 'm', 'Hospitaliers Toulon'),
(59, 'f', 'Rognac'),
(60, 'f', 'Marseille Est 2'),
(61, 'f', 'ECSM 2'),
(62, 'f', 'Marseille Est 1'),
(63, 'f', 'Gardanne 1'),
(64, 'f', 'Fuveau 1'),
(65, 'f', 'Grans'),
(66, 'f', 'Eurocopter'),
(67, 'f', 'Marseille Volley 1'),
(68, 'f', 'St Zacharie'),
(69, 'f', 'Fuveau 2'),
(70, 'f', 'ECSM 1'),
(71, 'f', 'Carnoux'),
(72, 'f', 'Gardanne 2'),
(73, 'f', 'Marseille Volley 2'),
(74, 'f', 'Marseille Volley 3'),
(75, 'm', 'Pélissanne 1'),
(76, 'm', 'Entressen'),
(77, 'm', 'Eurocopter 3'),
(78, 'm', 'Marseille Volley 3'),
(79, 'm', 'Salon VBC'),
(80, 'm', 'St Cannat'),
(81, 'm', 'Ensuès Koala 3'),
(82, 'f', 'ASC Périer Menthe'),
(83, 'f', 'Ventabren'),
(84, 'f', 'Ensuès'),
(85, 'f', 'ECSM 3'),
(98, 'm', 'Bouc Bel Air 2'),
(101, 'm', 'Aubagne VB 2'),
(102, 'm', 'Côte Bleue VB 1'),
(103, 'm', 'Côte Bleue VB 2'),
(104, 'm', 'St Zacharie VB 2'),
(105, 'm', 'AMIS'),
(106, 'f', 'Gardanne 3'),
(108, 'f', 'Pélissanne'),
(109, 'f', 'Eyguières'),
(111, 'kh', 'Aubagne VB 1'),
(114, 'kh', 'Gardanne 1'),
(115, 'kh', 'Gardanne 2'),
(116, 'kh', 'Gardanne 3'),
(117, 'kh', 'Inside'),
(122, 'kh', 'Pelissanne A'),
(123, 'kh', 'Pelissanne B'),
(126, 'kh', 'Tatawin'),
(127, 'kh', 'Ventabren'),
(128, 'f', 'Ensuès Koalettes 1'),
(129, 'f', 'Ensuès Koalettes 2'),
(130, 'm', 'Trets'),
(131, 'm', 'Pélissanne 2'),
(132, 'm', 'St Martin de Crau'),
(133, 'm', 'Mallemort'),
(134, 'm', 'St Zacharie'),
(135, 'f', 'Aix''elle'),
(136, 'f', 'Fos sur Mer'),
(137, 'kh', 'Aubagne VB 2'),
(138, 'kh', 'Fed''Aix'),
(139, 'kh', 'Fos 1'),
(140, 'kh', 'Fos 2'),
(141, 'kh', 'Ibupro-Voltarene'),
(142, 'kh', 'Joker Mv 13'),
(143, 'kh', 'Karakteriels'),
(144, 'kh', 'Kurly'),
(145, 'kh', 'Kwadrature'),
(146, 'kh', 'Les Bras Cassés'),
(147, 'kh', 'Les Kleen''Aix'),
(148, 'kh', 'Les Plaies Mobiles'),
(149, 'kh', 'Marseille Volley'),
(150, 'kh', 'Mojitos'),
(151, 'kh', 'Perier Menthe Citron'),
(152, 'kh', 'Perier Plaisir'),
(153, 'kh', 'Trets'),
(154, 'kh', 'VCME'),
(155, 'm', 'Marseille Est 3'),
(156, 'm', 'Trets 2'),
(157, 'f', 'Trets'),
(158, 'm', 'Massalia Volley'),
(159, 'm', 'Meyrargues 2'),
(160, 'm', 'Trets 2'),
(161, 'f', 'Trets'),
(162, 'f', 'Istres'),
(163, 'f', 'Massalia Volley'),
(164, 'm', 'St Martin 2');

-- --------------------------------------------------------

--
-- Structure de la table `images`
--

CREATE TABLE IF NOT EXISTS `images` (
  `id_image` smallint(3) NOT NULL AUTO_INCREMENT,
  `categorie_image` tinyint(1) NOT NULL,
  `chemin_image` varchar(50) NOT NULL,
  PRIMARY KEY (`id_image`)
) ENGINE=InnoDB  DEFAULT CHARSET=latin1 AUTO_INCREMENT=21 ;

--
-- Contenu de la table `images`
--

INSERT INTO `images` (`id_image`, `categorie_image`, `chemin_image`) VALUES
(1, 1, 'images/photos/imagevolley001.jpg'),
(2, 1, 'images/photos/imagevolley002.jpg'),
(3, 1, 'images/photos/imagevolley003.jpg'),
(4, 1, 'images/photos/imagevolley004.jpg'),
(5, 1, 'images/photos/imagevolley005.jpg'),
(6, 1, 'images/photos/imagevolley006.jpg'),
(7, 1, 'images/photos/imagevolley007.jpg'),
(8, 1, 'images/photos/imagevolley008.jpg'),
(9, 1, 'images/photos/imagevolley009.jpg'),
(10, 1, 'images/photos/imagevolley010.jpg'),
(11, 1, 'images/photos/imagevolley011.jpg'),
(12, 1, 'images/photos/imagevolley012.jpg'),
(13, 1, 'images/photos/imagevolley013.jpg'),
(14, 1, 'images/photos/imagevolley014.jpg'),
(15, 1, 'images/photos/imagevolley015.jpg'),
(16, 1, 'images/photos/imagevolley016.jpg'),
(17, 1, 'images/photos/imagevolley017.jpg'),
(18, 1, 'images/photos/imagevolley018.jpg'),
(19, 1, 'images/photos/imagevolley019.jpg'),
(20, 1, 'images/photos/imagevolley020.jpg');

-- --------------------------------------------------------

--
-- Structure de la table `journees`
--

CREATE TABLE IF NOT EXISTS `journees` (
  `id` tinyint(2) NOT NULL AUTO_INCREMENT,
  `code_competition` varchar(2) NOT NULL,
  `division` varchar(2) NOT NULL,
  `numero` tinyint(2) NOT NULL,
  `nommage` varchar(30) NOT NULL,
  `libelle` varchar(50) NOT NULL,
  PRIMARY KEY (`id`)
) ENGINE=InnoDB  DEFAULT CHARSET=latin1 AUTO_INCREMENT=127 ;

--
-- Contenu de la table `journees`
--

INSERT INTO `journees` (`id`, `code_competition`, `division`, `numero`, `nommage`, `libelle`) VALUES
(38, 'c', '1', 1, 'Journée 1', 'du 28 Janvier au 01 Février 2013'),
(39, 'c', '1', 2, 'Journée 2', 'du 04 au 08 Février 2013'),
(40, 'c', '1', 3, 'Journée 3', 'du 11 au 15 Février 2013'),
(41, 'c', '1', 4, 'Journée 4', 'du 04 au 08 Mars 2013'),
(42, 'c', '1', 5, 'Journée 5', 'du 11 au 15 Mars 2013'),
(43, 'cf', '1', 1, '1/8ième de finale', 'du 29 avril au 10 mai'),
(44, 'cf', '1', 2, '1/4ième de finale', 'du 3 au 7 juin'),
(45, 'cf', '1', 3, '1/2 finale', ''),
(46, 'cf', '1', 4, 'Finale', ''),
(47, 'ff', '1', 1, 'Journée 1', 'du 17 au 21 Mai 2010'),
(48, 'ff', '1', 2, 'Journée 2', 'du 24 au 28 mai 2010'),
(49, 'ff', '1', 3, 'Journée 3', 'du 31 Mai au 04 Juin 2010'),
(50, 'kh', '1', 1, 'Journée 1', 'du 28 Janvier au 01 Janvier 2013'),
(51, 'kh', '1', 2, 'Journée 2', 'du 04 au 08 Février 2013'),
(52, 'kh', '1', 3, 'Journée 3', 'du 11 au 15 Février 2013'),
(53, 'kh', '1', 4, 'Journée 4', 'du 04 au 08 Mars 2013'),
(54, 'kh', '1', 5, 'Journée 5', 'du 11 au 15 Mars 2013'),
(55, 'kf', '1', 1, '1/8 finale', 'du 29 avril au 10 mai'),
(59, 'pf', '1', 1, 'Journée 1', 'du 09 au 13 Mai 2011'),
(60, 'pf', '1', 2, 'Journée 2', 'du 16 au 20 Mai 2011'),
(61, 'pf', '1', 3, 'Journée 3', 'du 23 au 27 Mai 2011'),
(99, 'f', '1', 1, 'Journée 1', 'du 18 au 22 Mars 2013'),
(100, 'f', '1', 2, 'Journée 2', 'du 25 au 28 Mars 2013'),
(101, 'f', '1', 3, 'Journée 3', 'du 02 au 05 Avril 2013'),
(102, 'f', '1', 4, 'Journée 4', 'du 08 au 12 Avril 2013'),
(103, 'f', '1', 5, 'Journée 5', 'du 13 au 17 Mai 2013'),
(104, 'f', '1', 6, 'Journée 6', 'du 20 au 24 Mai 2013'),
(105, 'f', '1', 7, 'Journée 7', 'du 27 au 31 Mai 2013'),
(106, 'f', '1', 8, 'Journée 8', 'du 03 au 07 Juin 2013'),
(107, 'f', '1', 9, 'Journée 9', 'du 10 au 14 Juin 2013'),
(108, 'kf', '1', 2, '1/4 finale', 'du 3 au 7 juin'),
(109, 'kf', '1', 3, '1/2 finale', '14 Juin'),
(110, 'kf', '1', 4, 'Finale', '14 Juin'),
(111, 'm', '1', 1, 'Journée 1', 'du 12 au 15 novembre 2013'),
(112, 'm', '1', 2, 'Journée 2', 'du 18 au 22 novembre 2013'),
(113, 'm', '1', 3, 'Journée 3', 'du 25 au 29 novembre 2013'),
(114, 'm', '1', 4, 'Journée 4', 'du 02 au 06 décembre 2013'),
(115, 'm', '1', 5, 'Journée 5', 'du 09 au 13 décembre 2013'),
(116, 'm', '1', 6, 'Journée 6', 'du 16 au 20 décembre 2013'),
(117, 'm', '1', 7, 'Journée 7', 'du 06 au 10 janvier 2014'),
(118, 'f', '1', 1, 'Journée 1', 'du 04 au 08 novembre 2013'),
(119, 'f', '1', 2, 'Journée 2', 'du 11 au 15 novembre 2013'),
(120, 'f', '1', 3, 'Journée 3', 'du 18 au 22 novembre 2013'),
(121, 'f', '1', 4, 'Journée 4', 'du 25 au 29 novembre 2013'),
(122, 'f', '1', 5, 'Journée 5', 'du 02 au 06 décembre 2013'),
(123, 'f', '1', 6, 'Journée 6', 'du 09 au 13 décembre 2013'),
(124, 'f', '1', 7, 'Journée 7', 'du 16 au 20 décembre 2013'),
(125, 'f', '1', 8, 'Journée 8', 'du 06 au 10 janvier 2014'),
(126, 'f', '1', 9, 'Journée 9', 'du 13 au 17 janvier 2014');

-- --------------------------------------------------------

--
-- Structure de la table `matches`
--

CREATE TABLE IF NOT EXISTS `matches` (
  `id_match` smallint(6) NOT NULL AUTO_INCREMENT,
  `code_match` varchar(10) NOT NULL,
  `code_competition` varchar(2) NOT NULL,
  `division` varchar(2) NOT NULL,
  `journee` tinyint(1) NOT NULL,
  `id_equipe_dom` smallint(3) NOT NULL,
  `id_equipe_ext` smallint(3) NOT NULL,
  `score_equipe_dom` tinyint(1) NOT NULL,
  `score_equipe_ext` tinyint(1) NOT NULL,
  `set_1_dom` tinyint(2) NOT NULL,
  `set_1_ext` tinyint(2) NOT NULL,
  `set_2_dom` tinyint(2) NOT NULL,
  `set_2_ext` tinyint(2) NOT NULL,
  `set_3_dom` tinyint(2) NOT NULL,
  `set_3_ext` tinyint(2) NOT NULL,
  `set_4_dom` tinyint(2) NOT NULL,
  `set_4_ext` tinyint(2) NOT NULL,
  `set_5_dom` tinyint(2) NOT NULL,
  `set_5_ext` tinyint(2) NOT NULL,
  `heure_reception` varchar(5) NOT NULL,
  `date_reception` date NOT NULL,
  `gagnea5_dom` tinyint(1) NOT NULL,
  `gagnea5_ext` tinyint(1) NOT NULL,
  `forfait_dom` tinyint(1) NOT NULL,
  `forfait_ext` tinyint(1) NOT NULL,
  `certif` tinyint(1) NOT NULL,
  `report` tinyint(1) NOT NULL,
  `retard` tinyint(1) NOT NULL,
  PRIMARY KEY (`id_match`)
) ENGINE=InnoDB  DEFAULT CHARSET=latin1 AUTO_INCREMENT=781 ;

--
-- Contenu de la table `matches`
--

INSERT INTO `matches` (`id_match`, `code_match`, `code_competition`, `division`, `journee`, `id_equipe_dom`, `id_equipe_ext`, `score_equipe_dom`, `score_equipe_ext`, `set_1_dom`, `set_1_ext`, `set_2_dom`, `set_2_ext`, `set_3_dom`, `set_3_ext`, `set_4_dom`, `set_4_ext`, `set_5_dom`, `set_5_ext`, `heure_reception`, `date_reception`, `gagnea5_dom`, `gagnea5_ext`, `forfait_dom`, `forfait_ext`, `certif`, `report`, `retard`) VALUES
(302, 'KH001', 'KH', '1', 1, 143, 115, 3, 0, 25, 22, 25, 13, 25, 23, 0, 0, 0, 0, '20h45', '2013-01-30', 0, 0, 0, 0, 1, 0, 0),
(303, 'KH002', 'KH', '1', 1, 146, 142, 3, 0, 25, 6, 25, 10, 25, 12, 0, 0, 0, 0, '19h30', '2013-02-01', 0, 0, 0, 0, 1, 0, 0),
(304, 'KH003', 'KH', '1', 2, 115, 142, 3, 0, 25, 14, 25, 16, 25, 13, 0, 0, 0, 0, '20h00', '2013-02-08', 0, 0, 0, 0, 1, 0, 0),
(305, 'KH004', 'KH', '1', 2, 146, 140, 3, 1, 22, 25, 25, 17, 25, 21, 25, 19, 0, 0, '19h30', '2013-02-08', 0, 0, 0, 0, 1, 0, 0),
(306, 'KH005', 'KH', '1', 3, 143, 140, 3, 0, 25, 15, 25, 8, 25, 11, 0, 0, 0, 0, '20h45', '2013-03-13', 0, 0, 0, 0, 1, 0, 0),
(307, 'KH006', 'KH', '1', 3, 146, 115, 1, 3, 25, 17, 18, 25, 14, 25, 24, 26, 0, 0, '19h30', '2013-02-28', 0, 0, 0, 0, 1, 0, 0),
(308, 'KH007', 'KH', '1', 4, 142, 143, 0, 3, 17, 25, 7, 25, 7, 25, 0, 0, 0, 0, '20h00', '2013-03-08', 0, 0, 0, 0, 1, 0, 0),
(309, 'KH008', 'KH', '1', 4, 115, 140, 3, 1, 25, 23, 25, 15, 14, 25, 25, 18, 0, 0, '20h00', '2013-03-07', 0, 0, 0, 0, 1, 0, 0),
(310, 'KH009', 'KH', '1', 5, 146, 143, 1, 3, 25, 22, 19, 25, 9, 25, 20, 25, 0, 0, '19h30', '2013-03-15', 0, 0, 0, 0, 1, 0, 0),
(311, 'KH010', 'KH', '1', 5, 142, 140, 3, 0, 25, 0, 25, 0, 25, 0, 0, 0, 0, 0, '20h00', '2013-03-15', 0, 0, 0, 1, 1, 0, 0),
(312, 'KH011', 'KH', '2', 1, 150, 123, 3, 1, 25, 17, 18, 25, 25, 18, 25, 18, 0, 0, '19h45', '2013-01-28', 0, 0, 0, 0, 1, 0, 0),
(313, 'KH012', 'KH', '2', 1, 139, 152, 3, 0, 25, 13, 25, 17, 25, 20, 0, 0, 0, 0, '20h30', '2013-01-31', 0, 0, 0, 0, 1, 0, 0),
(314, 'KH013', 'KH', '2', 1, 147, 127, 3, 0, 25, 15, 25, 9, 25, 20, 0, 0, 0, 0, '20h30', '2013-01-30', 0, 0, 0, 0, 1, 0, 0),
(315, 'KH014', 'KH', '2', 2, 139, 123, 2, 3, 21, 25, 20, 25, 25, 13, 25, 23, 14, 16, '20h30', '2013-02-07', 0, 0, 0, 0, 1, 0, 0),
(316, 'KH015', 'KH', '2', 2, 152, 147, 0, 3, 10, 25, 18, 25, 14, 25, 0, 0, 0, 0, '20h00', '2013-03-19', 0, 0, 0, 0, 1, 0, 0),
(317, 'KH016', 'KH', '2', 2, 127, 150, 0, 3, 13, 25, 12, 25, 13, 25, 0, 0, 0, 0, '20h30', '2013-03-01', 0, 0, 0, 0, 1, 0, 0),
(318, 'KH017', 'KH', '2', 3, 150, 147, 3, 1, 25, 17, 25, 23, 18, 25, 25, 18, 0, 0, '19h45', '2013-02-11', 0, 0, 0, 0, 1, 0, 0),
(319, 'KH018', 'KH', '2', 3, 152, 123, 0, 3, 14, 25, 19, 25, 20, 25, 0, 0, 0, 0, '20h00', '2013-02-15', 0, 0, 0, 0, 1, 0, 0),
(320, 'KH019', 'KH', '2', 3, 139, 127, 3, 0, 25, 10, 25, 13, 25, 10, 0, 0, 0, 0, '20h30', '2013-02-14', 0, 0, 0, 0, 1, 0, 0),
(321, 'KH020', 'KH', '2', 4, 150, 139, 0, 3, 0, 25, 0, 25, 0, 25, 0, 0, 0, 0, '19h45', '2013-03-18', 0, 0, 1, 0, 1, 0, 0),
(322, 'KH021', 'KH', '2', 4, 127, 152, 1, 3, 24, 26, 25, 23, 16, 25, 16, 25, 0, 0, '20h30', '2013-03-08', 0, 0, 0, 0, 1, 0, 1),
(323, 'KH022', 'KH', '2', 4, 147, 123, 3, 1, 18, 25, 25, 18, 25, 22, 26, 24, 0, 0, '20h30', '2013-03-06', 0, 0, 0, 0, 1, 0, 0),
(324, 'KH023', 'KH', '2', 5, 150, 152, 3, 0, 25, 9, 25, 17, 25, 18, 0, 0, 0, 0, '19h45', '2013-03-11', 0, 0, 0, 0, 1, 0, 0),
(325, 'KH024', 'KH', '2', 5, 123, 127, 3, 0, 25, 6, 25, 11, 25, 12, 0, 0, 0, 0, '20h30', '2013-03-14', 0, 0, 0, 0, 1, 0, 0),
(326, 'KH025', 'KH', '2', 5, 139, 147, 0, 3, 14, 25, 20, 25, 17, 25, 0, 0, 0, 0, '20h30', '2013-03-14', 0, 0, 0, 0, 1, 0, 0),
(327, 'KH026', 'KH', '3', 1, 126, 111, 3, 1, 25, 17, 25, 15, 21, 25, 25, 17, 0, 0, '20h00', '2013-01-31', 0, 0, 0, 0, 1, 0, 1),
(328, 'KH027', 'KH', '3', 1, 154, 148, 3, 0, 25, 18, 25, 16, 25, 16, 0, 0, 0, 0, '19h30', '2013-02-01', 0, 0, 0, 0, 1, 0, 1),
(329, 'KH028', 'KH', '3', 2, 111, 154, 1, 3, 14, 25, 25, 21, 16, 25, 15, 25, 0, 0, '19h45', '2013-02-04', 0, 0, 0, 0, 1, 0, 0),
(330, 'KH029', 'KH', '3', 2, 148, 145, 0, 3, 11, 25, 19, 25, 19, 25, 0, 0, 0, 0, '19h45', '2013-02-04', 0, 0, 0, 0, 1, 0, 0),
(331, 'KH030', 'KH', '3', 3, 126, 145, 2, 3, 26, 24, 17, 25, 25, 19, 21, 25, 11, 15, '20h00', '2013-02-14', 0, 0, 0, 0, 1, 0, 0),
(332, 'KH031', 'KH', '3', 3, 148, 111, 3, 2, 23, 25, 23, 25, 25, 20, 25, 13, 18, 16, '19h45', '2013-02-11', 0, 0, 0, 0, 1, 0, 2),
(333, 'KH032', 'KH', '3', 4, 154, 126, 1, 3, 19, 25, 23, 25, 25, 13, 20, 25, 0, 0, '19h30', '2013-03-08', 0, 0, 0, 0, 1, 0, 0),
(334, 'KH033', 'KH', '3', 4, 111, 145, 1, 3, 17, 25, 25, 19, 17, 25, 15, 25, 0, 0, '19h45', '2013-03-04', 0, 0, 0, 0, 1, 0, 0),
(335, 'KH034', 'KH', '3', 5, 148, 126, 2, 3, 22, 25, 25, 21, 19, 25, 25, 16, 12, 15, '19h45', '2013-03-11', 0, 0, 0, 0, 1, 0, 0),
(336, 'KH035', 'KH', '3', 5, 145, 154, 3, 0, 25, 9, 25, 19, 25, 13, 0, 0, 0, 0, '20h45', '2013-03-13', 0, 0, 0, 0, 1, 0, 0),
(337, 'KH036', 'KH', '4', 1, 151, 117, 0, 3, 18, 25, 22, 25, 20, 25, 0, 0, 0, 0, '20h00', '2013-02-01', 0, 0, 0, 0, 1, 0, 0),
(338, 'KH037', 'KH', '4', 1, 137, 141, 0, 3, 12, 25, 23, 25, 14, 25, 0, 0, 0, 0, '19h45', '2013-01-28', 0, 0, 0, 0, 1, 0, 0),
(339, 'KH038', 'KH', '4', 2, 137, 151, 3, 1, 25, 27, 25, 20, 25, 14, 25, 22, 0, 0, '19h45', '2013-02-11', 0, 0, 0, 0, 1, 0, 0),
(340, 'KH039', 'KH', '4', 2, 141, 116, 3, 0, 25, 13, 25, 15, 25, 15, 0, 0, 0, 0, '20h00', '2013-02-07', 0, 0, 0, 0, 1, 0, 0),
(341, 'KH040', 'KH', '4', 3, 116, 117, 1, 3, 18, 25, 10, 25, 25, 21, 16, 25, 0, 0, '20h00', '2013-02-15', 0, 0, 0, 0, 1, 0, 0),
(342, 'KH041', 'KH', '4', 3, 151, 141, 0, 3, 9, 25, 9, 25, 12, 25, 0, 0, 0, 0, '20h00', '2013-02-15', 0, 0, 0, 0, 1, 0, 0),
(343, 'KH042', 'KH', '4', 4, 137, 117, 0, 3, 15, 25, 16, 25, 13, 25, 0, 0, 0, 0, '19h45', '2013-02-04', 0, 0, 0, 0, 1, 0, 1),
(344, 'KH043', 'KH', '4', 4, 116, 151, 0, 3, 0, 25, 0, 25, 0, 25, 0, 0, 0, 0, '20h00', '2013-03-22', 0, 0, 1, 0, 1, 0, 0),
(345, 'KH044', 'KH', '4', 5, 141, 117, 3, 1, 25, 23, 18, 25, 25, 23, 25, 14, 0, 0, '20h00', '2013-02-25', 0, 0, 0, 0, 1, 0, 0),
(346, 'KH045', 'KH', '4', 5, 137, 116, 2, 3, 14, 25, 25, 18, 14, 25, 25, 15, 10, 15, '19h45', '2013-03-11', 0, 0, 0, 0, 1, 0, 0),
(347, 'KH046', 'KH', '5', 1, 114, 138, 0, 3, 8, 25, 18, 25, 8, 25, 0, 0, 0, 0, '20h00', '2013-01-31', 0, 0, 0, 0, 1, 0, 0),
(348, 'KH047', 'KH', '5', 1, 149, 153, 0, 3, 9, 25, 16, 25, 14, 25, 0, 0, 0, 0, '20h00', '2013-02-01', 0, 0, 0, 0, 1, 0, 0),
(349, 'KH048', 'KH', '5', 1, 122, 144, 3, 0, 25, 19, 25, 21, 25, 22, 0, 0, 0, 0, '20h30', '2013-01-28', 0, 0, 0, 0, 1, 0, 0),
(350, 'KH049', 'KH', '5', 2, 138, 149, 3, 0, 25, 12, 25, 13, 25, 21, 0, 0, 0, 0, '20h30', '2013-02-06', 0, 0, 0, 0, 1, 0, 0),
(351, 'KH050', 'KH', '5', 2, 122, 153, 3, 0, 25, 23, 25, 20, 25, 19, 0, 0, 0, 0, '20h30', '2013-02-04', 0, 0, 0, 0, 1, 0, 0),
(352, 'KH051', 'KH', '5', 2, 144, 114, 0, 3, 24, 26, 21, 25, 23, 25, 0, 0, 0, 0, '20h45', '2013-02-06', 0, 0, 0, 0, 1, 0, 0),
(353, 'KH052', 'KH', '5', 3, 122, 114, 3, 1, 25, 17, 22, 25, 25, 17, 25, 18, 0, 0, '20h30', '2013-02-11', 0, 0, 0, 0, 1, 0, 0),
(354, 'KH053', 'KH', '5', 3, 138, 153, 3, 1, 25, 16, 25, 21, 23, 25, 25, 19, 0, 0, '20h30', '2013-02-26', 0, 0, 0, 0, 1, 0, 0),
(355, 'KH054', 'KH', '5', 3, 149, 144, 3, 2, 26, 28, 20, 25, 25, 22, 25, 21, 15, 12, '20h00', '2013-02-15', 0, 0, 0, 0, 1, 0, 1),
(356, 'KH055', 'KH', '5', 4, 149, 114, 3, 2, 25, 27, 20, 25, 25, 21, 26, 24, 15, 10, '20h00', '2013-03-08', 0, 0, 0, 0, 1, 0, 0),
(357, 'KH056', 'KH', '5', 4, 144, 153, 3, 0, 25, 6, 25, 19, 25, 18, 0, 0, 0, 0, '20h45', '2013-03-06', 0, 0, 0, 0, 1, 0, 0),
(358, 'KH057', 'KH', '5', 4, 122, 138, 3, 1, 26, 24, 25, 19, 19, 25, 25, 18, 0, 0, '20h00', '2013-03-05', 0, 0, 0, 0, 1, 0, 0),
(359, 'KH058', 'KH', '5', 5, 114, 153, 1, 3, 19, 25, 25, 20, 11, 25, 14, 25, 0, 0, '20h00', '2013-03-14', 0, 0, 0, 0, 1, 0, 0),
(360, 'KH059', 'KH', '5', 5, 138, 144, 3, 2, 17, 25, 25, 22, 18, 25, 25, 10, 16, 14, '20h30', '2013-03-13', 0, 0, 0, 0, 1, 0, 0),
(361, 'KH060', 'KH', '5', 5, 122, 149, 3, 0, 25, 19, 25, 9, 25, 22, 0, 0, 0, 0, '20h30', '2013-03-11', 0, 0, 0, 0, 1, 0, 0),
(362, 'CC001', 'c', '1', 1, 2, 76, 0, 3, 21, 25, 11, 25, 15, 25, 0, 0, 0, 0, '19h30', '2013-01-30', 0, 0, 0, 0, 1, 0, 0),
(363, 'CC002', 'c', '1', 1, 11, 8, 3, 0, 25, 20, 25, 21, 25, 18, 0, 0, 0, 0, '20h45', '2013-02-15', 0, 0, 0, 0, 1, 0, 1),
(364, 'CC003', 'c', '1', 2, 45, 2, 0, 3, 10, 25, 14, 25, 16, 25, 0, 0, 0, 0, '20h00', '2013-02-08', 0, 0, 0, 0, 1, 0, 0),
(365, 'CC004', 'c', '1', 2, 76, 11, 3, 1, 25, 11, 28, 26, 24, 26, 25, 23, 0, 0, '20h15', '2013-02-07', 0, 0, 0, 0, 1, 0, 0),
(366, 'CC005', 'c', '1', 3, 2, 8, 3, 0, 25, 19, 25, 19, 25, 20, 0, 0, 0, 0, '19h30', '2013-02-13', 0, 0, 0, 0, 0, 0, 0),
(367, 'CC006', 'c', '1', 3, 76, 45, 3, 0, 25, 0, 25, 0, 25, 0, 0, 0, 0, 0, '20h15', '2013-02-14', 0, 0, 0, 1, 1, 0, 0),
(368, 'CC007', 'c', '1', 4, 2, 11, 3, 1, 24, 26, 25, 15, 25, 23, 25, 17, 0, 0, '19h30', '2013-03-06', 0, 0, 0, 0, 1, 0, 0),
(369, 'CC008', 'c', '1', 4, 45, 8, 1, 3, 20, 25, 25, 27, 27, 25, 25, 27, 0, 0, '20h00', '2013-03-08', 0, 0, 0, 0, 1, 0, 0),
(370, 'CC009', 'c', '1', 5, 8, 76, 3, 2, 25, 21, 20, 25, 22, 25, 28, 26, 17, 15, '20h00', '2013-03-14', 0, 0, 0, 0, 1, 0, 0),
(371, 'CC010', 'c', '1', 5, 11, 45, 3, 0, 25, 22, 25, 19, 25, 23, 0, 0, 0, 0, '20h45', '2013-03-15', 0, 0, 0, 0, 1, 0, 0),
(372, 'CC011', 'c', '2', 1, 7, 14, 1, 3, 20, 25, 26, 24, 26, 28, 27, 29, 0, 0, '20h00', '2013-01-29', 0, 0, 0, 0, 1, 0, 0),
(373, 'CC012', 'c', '2', 1, 102, 37, 3, 1, 25, 14, 23, 25, 25, 17, 25, 19, 0, 0, '20h15', '2013-02-12', 0, 0, 0, 0, 1, 0, 1),
(374, 'CC013', 'c', '2', 2, 24, 7, 1, 3, 21, 25, 21, 25, 25, 19, 17, 25, 0, 0, '19h30', '2013-02-07', 0, 0, 0, 0, 1, 0, 0),
(375, 'CC014', 'c', '2', 2, 14, 102, 0, 3, 19, 25, 13, 25, 15, 25, 0, 0, 0, 0, '20h45', '2013-02-06', 0, 0, 0, 0, 1, 0, 0),
(376, 'CC015', 'c', '2', 3, 37, 7, 3, 1, 26, 24, 25, 22, 16, 25, 26, 24, 0, 0, '20h00', '2013-03-12', 0, 0, 0, 0, 0, 0, 1),
(377, 'CC016', 'c', '2', 3, 14, 24, 3, 0, 25, 21, 25, 17, 25, 19, 0, 0, 0, 0, '20h45', '2013-03-13', 0, 0, 0, 0, 1, 0, 0),
(378, 'CC017', 'c', '2', 4, 7, 102, 1, 3, 20, 25, 22, 25, 25, 21, 21, 25, 0, 0, '20h00', '2013-03-05', 0, 0, 0, 0, 1, 0, 0),
(379, 'CC018', 'c', '2', 4, 24, 37, 1, 3, 22, 25, 21, 25, 26, 24, 22, 25, 0, 0, '19h30', '2013-03-07', 0, 0, 0, 0, 0, 0, 0),
(380, 'CC019', 'c', '2', 5, 37, 14, 0, 3, 23, 25, 15, 25, 15, 25, 0, 0, 0, 0, '20h00', '2013-03-15', 0, 0, 0, 0, 1, 0, 0),
(381, 'CC020', 'c', '2', 5, 102, 24, 3, 0, 25, 15, 25, 17, 25, 17, 0, 0, 0, 0, '20h15', '2013-03-19', 0, 0, 0, 0, 0, 0, 0),
(382, 'CC021', 'c', '3', 1, 75, 16, 3, 1, 26, 24, 20, 25, 31, 29, 25, 20, 0, 0, '20h00', '2013-01-31', 0, 0, 0, 0, 1, 0, 0),
(383, 'CC022', 'c', '3', 1, 19, 36, 3, 1, 25, 20, 24, 26, 25, 14, 25, 20, 0, 0, '19h45', '2013-01-28', 0, 0, 0, 0, 1, 0, 0),
(384, 'CC023', 'c', '3', 2, 16, 19, 3, 1, 25, 18, 27, 25, 25, 27, 25, 18, 0, 0, '20h00', '2013-02-07', 0, 0, 0, 0, 1, 0, 0),
(385, 'CC024', 'c', '3', 2, 36, 75, 0, 3, 0, 25, 0, 25, 0, 25, 0, 0, 0, 0, '20h00', '2013-03-08', 0, 0, 1, 0, 0, 0, 0),
(386, 'CC025', 'c', '3', 3, 75, 19, 3, 1, 22, 25, 25, 23, 25, 19, 25, 20, 0, 0, '20h00', '2013-02-14', 0, 0, 0, 0, 1, 0, 0),
(387, 'CC026', 'c', '3', 3, 16, 36, 3, 0, 25, 19, 25, 18, 25, 15, 0, 0, 0, 0, '20h00', '2013-02-13', 0, 0, 0, 0, 1, 0, 0),
(388, 'CC027', 'c', '4', 1, 1, 12, 0, 3, 17, 25, 21, 25, 25, 27, 0, 0, 0, 0, '20h00', '2013-03-05', 0, 0, 0, 0, 0, 0, 0),
(389, 'CC028', 'c', '4', 1, 54, 39, 0, 3, 0, 25, 0, 25, 0, 25, 0, 0, 0, 0, '20h00', '2013-02-01', 0, 0, 1, 0, 1, 0, 1),
(390, 'CC029', 'c', '4', 2, 12, 54, 3, 1, 25, 17, 20, 25, 25, 21, 25, 20, 0, 0, '19h45', '2013-02-04', 0, 0, 0, 0, 0, 0, 0),
(391, 'CC030', 'c', '4', 2, 39, 1, 2, 3, 22, 25, 27, 25, 20, 25, 25, 23, 13, 15, '20h45', '2013-02-06', 0, 0, 0, 0, 1, 0, 0),
(392, 'CC031', 'c', '4', 3, 1, 54, 3, 1, 25, 8, 24, 26, 25, 21, 25, 19, 0, 0, '20h45', '2013-02-12', 0, 0, 0, 0, 1, 0, 0),
(393, 'CC032', 'c', '4', 3, 12, 39, 3, 1, 25, 16, 25, 22, 22, 25, 25, 15, 0, 0, '19h45', '2013-02-11', 0, 0, 0, 0, 1, 0, 0),
(394, 'CC033', 'c', '5', 1, 20, 4, 3, 2, 20, 25, 23, 25, 25, 21, 25, 20, 15, 8, '20h00', '2013-03-11', 0, 0, 0, 0, 0, 0, 1),
(395, 'CC034', 'c', '5', 1, 5, 3, 3, 0, 25, 23, 25, 21, 29, 27, 0, 0, 0, 0, '20h00', '2013-03-12', 0, 0, 0, 0, 0, 0, 1),
(396, 'CC035', 'c', '5', 2, 4, 5, 0, 3, 0, 25, 0, 25, 0, 25, 0, 0, 0, 0, '20h15', '2013-03-18', 0, 0, 1, 0, 0, 0, 0),
(397, 'CC036', 'c', '5', 2, 3, 20, 2, 3, 25, 20, 15, 25, 25, 22, 18, 25, 10, 15, '20h15', '2013-02-07', 0, 0, 0, 0, 1, 0, 0),
(398, 'CC037', 'c', '5', 3, 20, 5, 1, 3, 25, 22, 23, 25, 23, 25, 18, 25, 0, 0, '20h30', '2013-02-11', 0, 0, 0, 0, 1, 0, 0),
(399, 'CC038', 'c', '5', 3, 4, 3, 1, 3, 25, 21, 22, 25, 19, 25, 18, 25, 0, 0, '20h15', '2013-02-11', 0, 0, 0, 0, 0, 0, 0),
(400, 'CC039', 'c', '6', 1, 52, 77, 1, 3, 23, 25, 25, 21, 16, 25, 21, 25, 0, 0, '20h00', '2013-03-14', 0, 0, 0, 0, 1, 0, 2),
(401, 'CC040', 'c', '6', 1, 55, 22, 1, 3, 11, 25, 25, 22, 12, 25, 19, 25, 0, 0, '20h00', '2013-02-01', 0, 0, 0, 0, 1, 0, 0),
(402, 'CC041', 'c', '6', 2, 79, 52, 3, 1, 25, 27, 25, 21, 25, 23, 25, 17, 0, 0, '19h45', '2013-02-20', 0, 0, 0, 0, 1, 0, 0),
(403, 'CC042', 'c', '6', 2, 77, 55, 3, 1, 25, 16, 25, 14, 24, 26, 25, 15, 0, 0, '20h00', '2013-02-21', 0, 0, 0, 0, 1, 0, 0),
(404, 'CC043', 'c', '6', 3, 22, 52, 3, 0, 25, 12, 25, 12, 25, 19, 0, 0, 0, 0, '20h00', '2013-02-14', 0, 0, 0, 0, 1, 0, 0),
(405, 'CC044', 'c', '6', 3, 77, 79, 0, 3, 17, 25, 15, 25, 19, 25, 0, 0, 0, 0, '20h00', '2013-02-14', 0, 0, 0, 0, 1, 0, 0),
(406, 'CC045', 'c', '6', 4, 52, 55, 3, 0, 25, 0, 25, 0, 25, 0, 0, 0, 0, 0, '20h00', '2013-03-08', 0, 0, 0, 1, 1, 0, 0),
(407, 'CC046', 'c', '6', 4, 79, 22, 3, 2, 19, 25, 17, 25, 25, 22, 25, 16, 16, 14, '19h45', '2013-03-06', 0, 0, 0, 0, 1, 0, 0),
(408, 'CC047', 'c', '6', 5, 22, 77, 3, 0, 25, 0, 25, 0, 25, 0, 0, 0, 0, 0, '20h00', '2013-03-14', 0, 0, 0, 1, 1, 0, 0),
(409, 'CC048', 'c', '6', 5, 55, 79, 0, 3, 23, 25, 24, 26, 21, 25, 0, 0, 0, 0, '20h00', '2013-03-01', 0, 0, 0, 0, 1, 0, 0),
(410, 'CC049', 'c', '7', 1, 13, 130, 0, 3, 18, 25, 12, 25, 9, 25, 0, 0, 0, 0, '20h00', '2013-01-31', 0, 0, 0, 0, 1, 0, 0),
(411, 'CC050', 'c', '7', 1, 47, 132, 0, 3, 17, 25, 15, 25, 22, 25, 0, 0, 0, 0, '20h00', '2013-02-01', 0, 0, 0, 0, 1, 0, 0),
(412, 'CC051', 'c', '7', 2, 33, 13, 3, 0, 25, 0, 25, 0, 25, 0, 0, 0, 0, 0, '20h45', '2013-02-08', 0, 0, 0, 1, 1, 0, 2),
(413, 'CC052', 'c', '7', 2, 47, 130, 0, 3, 14, 25, 16, 25, 19, 25, 0, 0, 0, 0, '20h00', '2013-02-08', 0, 0, 0, 0, 1, 0, 0),
(414, 'CC053', 'c', '7', 3, 132, 13, 3, 0, 25, 0, 25, 0, 25, 0, 0, 0, 0, 0, '20h00', '2013-03-22', 0, 0, 0, 1, 1, 0, 0),
(415, 'CC054', 'c', '7', 3, 33, 130, 0, 3, 21, 25, 23, 25, 16, 25, 0, 0, 0, 0, '20h45', '2013-02-15', 0, 0, 0, 0, 1, 0, 0),
(416, 'CC055', 'c', '7', 4, 13, 47, 2, 3, 25, 17, 19, 25, 25, 17, 24, 26, 11, 15, '20h00', '2013-03-07', 0, 0, 0, 0, 1, 0, 0),
(417, 'CC056', 'c', '7', 4, 33, 132, 2, 3, 25, 19, 24, 26, 23, 25, 25, 20, 7, 15, '20h45', '2013-03-08', 0, 0, 0, 0, 1, 0, 0),
(418, 'CC057', 'c', '7', 5, 132, 130, 0, 3, 20, 25, 23, 25, 24, 26, 0, 0, 0, 0, '20h00', '2013-03-15', 0, 0, 0, 0, 1, 0, 0),
(419, 'CC058', 'c', '7', 5, 47, 33, 3, 0, 25, 0, 25, 0, 25, 0, 0, 0, 0, 0, '20h00', '2013-03-15', 0, 0, 0, 1, 1, 0, 1),
(420, 'CC059', 'c', '8', 1, 50, 43, 0, 3, 17, 25, 11, 25, 21, 25, 0, 0, 0, 0, '19h45', '2013-01-28', 0, 0, 0, 0, 1, 0, 0),
(421, 'CC060', 'c', '8', 1, 28, 30, 3, 1, 25, 18, 25, 20, 22, 25, 25, 21, 0, 0, '20h15', '2013-01-28', 0, 0, 0, 0, 1, 0, 0),
(422, 'CC061', 'c', '8', 2, 131, 50, 3, 0, 25, 21, 25, 14, 25, 17, 0, 0, 0, 0, '20h00', '2013-02-07', 0, 0, 0, 0, 1, 0, 0),
(423, 'CC062', 'c', '8', 2, 43, 28, 1, 3, 25, 20, 14, 25, 18, 25, 13, 25, 0, 0, '20h00', '2013-02-07', 0, 0, 0, 0, 1, 0, 0),
(424, 'CC063', 'c', '8', 3, 30, 50, 3, 0, 30, 28, 25, 21, 25, 21, 0, 0, 0, 0, '20h00', '2013-02-13', 0, 0, 0, 0, 1, 0, 1),
(425, 'CC064', 'c', '8', 3, 43, 131, 2, 3, 25, 20, 17, 25, 26, 24, 16, 25, 12, 15, '20h00', '2013-03-14', 0, 0, 0, 0, 1, 0, 1),
(426, 'CC065', 'c', '8', 4, 50, 28, 0, 3, 22, 25, 22, 25, 19, 25, 0, 0, 0, 0, '19h45', '2013-03-04', 0, 0, 0, 0, 1, 0, 0),
(427, 'CC066', 'c', '8', 4, 131, 30, 3, 0, 25, 16, 25, 21, 25, 14, 0, 0, 0, 0, '20h00', '2013-03-07', 0, 0, 0, 0, 1, 0, 0),
(428, 'CC067', 'c', '8', 5, 30, 43, 1, 3, 12, 25, 25, 23, 22, 25, 18, 25, 0, 0, '20h00', '2013-03-13', 0, 0, 0, 0, 1, 0, 0),
(429, 'CC068', 'c', '8', 5, 28, 131, 0, 3, 19, 25, 15, 25, 19, 25, 0, 0, 0, 0, '20h15', '2013-03-11', 0, 0, 0, 0, 1, 0, 0),
(430, 'CC069', 'c', '9', 1, 133, 105, 3, 0, 25, 0, 25, 0, 25, 0, 0, 0, 0, 0, '20h30', '2013-01-28', 0, 0, 0, 1, 1, 0, 0),
(431, 'CC070', 'c', '9', 1, 9, 78, 3, 2, 16, 25, 16, 25, 25, 17, 26, 24, 15, 9, '20h30', '2013-02-01', 0, 0, 0, 0, 1, 0, 0),
(432, 'CC071', 'c', '9', 2, 41, 133, 3, 0, 25, 19, 25, 20, 25, 15, 0, 0, 0, 0, '19h45', '2013-02-04', 1, 0, 0, 0, 1, 0, 0),
(433, 'CC072', 'c', '9', 2, 9, 105, 3, 0, 25, 0, 25, 0, 25, 0, 0, 0, 0, 0, '20h00', '2013-02-08', 0, 0, 0, 1, 1, 0, 0),
(434, 'CC073', 'c', '9', 3, 78, 133, 2, 3, 25, 21, 25, 16, 22, 25, 19, 25, 11, 15, '20h00', '2013-02-15', 0, 0, 0, 0, 1, 0, 1),
(435, 'CC074', 'c', '9', 3, 41, 105, 3, 0, 25, 0, 25, 0, 25, 0, 0, 0, 0, 0, '19h45', '2013-02-11', 0, 0, 0, 1, 1, 0, 0),
(436, 'CC075', 'c', '9', 4, 133, 9, 1, 3, 25, 27, 26, 24, 18, 25, 19, 25, 0, 0, '20h30', '2013-03-04', 0, 0, 0, 0, 1, 0, 0),
(437, 'CC076', 'c', '9', 4, 41, 78, 3, 0, 25, 23, 25, 19, 32, 30, 0, 0, 0, 0, '19h45', '2013-03-04', 0, 0, 0, 0, 1, 0, 0),
(438, 'CC077', 'c', '9', 5, 78, 105, 3, 0, 25, 0, 25, 0, 25, 0, 0, 0, 0, 0, '20h00', '2013-03-15', 0, 0, 0, 1, 1, 0, 0),
(439, 'CC078', 'c', '9', 5, 9, 41, 3, 1, 25, 15, 20, 25, 25, 20, 25, 23, 0, 0, '20h30', '2013-03-15', 0, 0, 0, 0, 1, 0, 0),
(440, 'CC079', 'c', '10', 1, 81, 26, 2, 3, 17, 25, 15, 25, 25, 11, 25, 21, 14, 16, '20h45', '2013-01-30', 0, 0, 0, 0, 1, 0, 0),
(441, 'CC080', 'c', '10', 1, 80, 103, 3, 1, 17, 25, 25, 22, 25, 17, 25, 19, 0, 0, '20h30', '2013-01-31', 0, 0, 0, 0, 1, 0, 0),
(442, 'CC081', 'c', '10', 2, 49, 81, 1, 3, 11, 25, 25, 19, 20, 25, 13, 25, 0, 0, '19h30', '2013-02-27', 0, 0, 0, 0, 1, 0, 2),
(443, 'CC082', 'c', '10', 2, 26, 80, 0, 3, 18, 25, 16, 25, 22, 25, 0, 0, 0, 0, '20h00', '2013-02-05', 0, 0, 0, 0, 1, 0, 0),
(444, 'CC083', 'c', '10', 3, 103, 81, 3, 1, 25, 19, 25, 21, 25, 27, 25, 18, 0, 0, '20h15', '2013-02-11', 0, 0, 0, 0, 1, 0, 0),
(445, 'CC084', 'c', '10', 3, 26, 49, 3, 0, 25, 14, 25, 17, 25, 19, 0, 0, 0, 0, '20h00', '2013-02-12', 0, 0, 0, 0, 1, 0, 0),
(446, 'CC085', 'c', '10', 4, 81, 80, 1, 3, 21, 25, 25, 23, 16, 25, 17, 25, 0, 0, '20h45', '2013-03-06', 0, 0, 0, 0, 1, 0, 0),
(447, 'CC086', 'c', '10', 4, 49, 103, 0, 0, 0, 0, 0, 0, 0, 0, 0, 0, 0, 0, '19h30', '2013-03-05', 0, 0, 0, 0, 0, 0, 2),
(448, 'CC087', 'c', '10', 5, 103, 26, 2, 3, 25, 20, 18, 25, 24, 26, 25, 20, 14, 16, '20h00', '2013-03-11', 0, 0, 0, 0, 1, 0, 0),
(449, 'CC088', 'c', '10', 5, 80, 49, 3, 0, 25, 16, 25, 21, 25, 18, 0, 0, 0, 0, '20h30', '2013-03-14', 0, 0, 0, 0, 0, 0, 0),
(450, 'CC089', 'c', '11', 1, 57, 134, 1, 3, 27, 25, 10, 25, 13, 25, 12, 25, 0, 0, '20h00', '2013-01-30', 0, 0, 0, 0, 1, 0, 0),
(451, 'CC090', 'c', '11', 1, 32, 101, 3, 0, 25, 0, 25, 0, 25, 0, 0, 0, 0, 0, '20h30', '2013-01-29', 0, 0, 0, 1, 1, 0, 0),
(452, 'CC091', 'c', '11', 2, 34, 57, 3, 1, 25, 16, 25, 17, 21, 25, 25, 12, 0, 0, '20h00', '2013-02-06', 0, 0, 0, 0, 1, 0, 0),
(453, 'CC092', 'c', '11', 2, 134, 32, 1, 3, 19, 25, 24, 26, 29, 27, 16, 25, 0, 0, '20h00', '2013-02-08', 0, 0, 0, 0, 1, 0, 0),
(454, 'CC093', 'c', '11', 3, 101, 57, 0, 3, 0, 25, 0, 25, 0, 25, 0, 0, 0, 0, '19h45', '2013-02-11', 0, 0, 1, 0, 1, 0, 0),
(455, 'CC094', 'c', '11', 3, 134, 34, 3, 1, 25, 23, 23, 25, 26, 24, 25, 18, 0, 0, '20h00', '2013-03-08', 0, 0, 0, 0, 0, 0, 0),
(456, 'CC095', 'c', '11', 4, 57, 32, 1, 3, 25, 12, 25, 27, 25, 8, 25, 17, 0, 0, '20h00', '2013-03-05', 0, 0, 0, 0, 1, 0, 0),
(457, 'CC096', 'c', '11', 4, 34, 101, 3, 0, 25, 0, 25, 0, 25, 0, 0, 0, 0, 0, '20h00', '2013-03-06', 0, 0, 0, 1, 1, 0, 0),
(458, 'CC097', 'c', '11', 5, 101, 134, 0, 3, 0, 25, 0, 25, 0, 25, 0, 0, 0, 0, '19h45', '2013-03-11', 0, 0, 1, 0, 1, 0, 0),
(459, 'CC098', 'c', '11', 5, 32, 34, 3, 1, 23, 25, 25, 21, 25, 17, 28, 26, 0, 0, '20h30', '2013-03-12', 0, 0, 0, 0, 1, 0, 0),
(489, 'CM001', 'm', '1', 1, 20, 2, 3, 1, 25, 21, 17, 25, 26, 24, 30, 28, 0, 0, '20h30', '2013-04-29', 0, 0, 0, 0, 1, 0, 0),
(490, 'CM002', 'm', '1', 1, 102, 16, 0, 3, 17, 25, 21, 25, 24, 26, 0, 0, 0, 0, '20h15', '2013-03-22', 0, 0, 0, 0, 1, 0, 0),
(491, 'CM003', 'm', '1', 1, 75, 12, 1, 3, 15, 25, 26, 24, 23, 25, 15, 25, 0, 0, '20h00', '2013-03-21', 0, 0, 0, 0, 1, 0, 0),
(492, 'CM004', 'm', '1', 1, 76, 37, 3, 1, 25, 14, 25, 20, 22, 25, 25, 14, 0, 0, '19h45', '2013-03-21', 0, 0, 0, 0, 1, 0, 0),
(493, 'CM005', 'm', '1', 2, 2, 102, 3, 2, 19, 25, 31, 33, 28, 26, 25, 19, 15, 11, '19h45', '2013-03-27', 0, 0, 0, 0, 1, 0, 0),
(494, 'CM006', 'm', '1', 2, 75, 16, 1, 3, 23, 25, 19, 25, 25, 17, 26, 28, 0, 0, '20h00', '2013-05-30', 0, 0, 0, 0, 1, 0, 0),
(495, 'CM007', 'm', '1', 2, 12, 76, 3, 2, 25, 20, 25, 19, 25, 27, 24, 26, 15, 10, '19h45', '2013-06-03', 0, 0, 0, 0, 1, 0, 0),
(496, 'CM008', 'm', '1', 2, 37, 20, 0, 3, 19, 25, 15, 25, 17, 25, 0, 0, 0, 0, '20h00', '2013-05-06', 0, 0, 0, 0, 1, 0, 0),
(497, 'CM009', 'm', '1', 3, 20, 12, 1, 3, 27, 29, 17, 25, 25, 18, 23, 25, 0, 0, '20h30', '2013-04-01', 0, 0, 0, 0, 1, 0, 0),
(498, 'CM010', 'm', '1', 3, 102, 37, 3, 0, 25, 0, 25, 0, 25, 0, 0, 0, 0, 0, '20h15', '2013-06-04', 0, 0, 0, 1, 1, 0, 0),
(499, 'CM011', 'm', '1', 3, 75, 2, 3, 2, 23, 25, 23, 25, 25, 20, 25, 19, 15, 11, '20h00', '2013-04-04', 0, 0, 0, 0, 1, 0, 0),
(500, 'CM012', 'm', '1', 3, 76, 16, 2, 3, 28, 26, 23, 25, 25, 23, 20, 25, 11, 15, '19h45', '2013-04-04', 0, 0, 0, 0, 1, 0, 0),
(501, 'CM013', 'm', '1', 4, 16, 20, 3, 0, 25, 22, 25, 18, 25, 21, 0, 0, 0, 0, '20h00', '2013-04-10', 0, 0, 0, 0, 1, 0, 0),
(502, 'CM014', 'm', '1', 4, 2, 76, 3, 1, 25, 18, 17, 25, 25, 22, 25, 16, 0, 0, '19h45', '2013-04-10', 0, 0, 0, 0, 1, 0, 0),
(503, 'CM015', 'm', '1', 4, 37, 75, 0, 3, 17, 25, 15, 25, 14, 25, 0, 0, 0, 0, '20h00', '2013-04-12', 0, 0, 0, 0, 0, 0, 0),
(504, 'CM016', 'm', '1', 4, 12, 102, 3, 2, 19, 25, 25, 19, 17, 25, 25, 12, 15, 6, '19h45', '2013-04-08', 0, 0, 0, 0, 1, 0, 0),
(505, 'CM017', 'm', '1', 5, 20, 76, 0, 3, 14, 25, 21, 25, 25, 27, 0, 0, 0, 0, '20h30', '2013-05-13', 0, 0, 0, 0, 1, 0, 0),
(506, 'CM018', 'm', '1', 5, 75, 102, 3, 2, 25, 19, 26, 24, 23, 25, 23, 25, 15, 11, '20h00', '2013-05-16', 0, 0, 0, 0, 1, 0, 0),
(507, 'CM019', 'm', '1', 5, 16, 2, 3, 2, 25, 15, 25, 21, 13, 25, 23, 25, 15, 13, '20h00', '2013-06-05', 0, 0, 0, 0, 1, 0, 0),
(508, 'CM020', 'm', '1', 5, 12, 37, 3, 1, 25, 18, 25, 23, 21, 25, 25, 23, 0, 0, '19h45', '2013-05-13', 0, 0, 0, 0, 1, 0, 0),
(509, 'CM021', 'm', '1', 6, 102, 20, 3, 0, 25, 11, 25, 16, 25, 13, 0, 0, 0, 0, '20h15', '2013-05-24', 0, 0, 0, 0, 1, 0, 0),
(510, 'CM022', 'm', '1', 6, 37, 2, 1, 3, 19, 25, 25, 19, 24, 26, 16, 25, 0, 0, '20h00', '2013-05-22', 0, 0, 0, 0, 1, 0, 0),
(511, 'CM023', 'm', '1', 6, 16, 12, 2, 3, 25, 23, 25, 21, 11, 25, 20, 25, 17, 19, '20h00', '2013-05-22', 0, 0, 0, 0, 1, 0, 0),
(512, 'CM024', 'm', '1', 6, 76, 75, 3, 0, 25, 20, 25, 23, 25, 21, 0, 0, 0, 0, '19h45', '2013-05-23', 0, 0, 0, 0, 1, 0, 0),
(513, 'CM025', 'm', '1', 7, 20, 75, 3, 0, 25, 14, 25, 21, 25, 21, 0, 0, 0, 0, '20h30', '2013-05-27', 0, 0, 0, 0, 1, 0, 0),
(514, 'CM026', 'm', '1', 7, 16, 37, 3, 1, 25, 22, 23, 25, 25, 13, 25, 20, 0, 0, '20h00', '2013-05-27', 0, 0, 0, 0, 1, 0, 0),
(515, 'CM027', 'm', '1', 7, 102, 76, 3, 0, 25, 15, 25, 13, 25, 17, 0, 0, 0, 0, '20h15', '2013-05-31', 0, 0, 0, 0, 1, 0, 0),
(516, 'CM028', 'm', '1', 7, 2, 12, 2, 3, 23, 25, 25, 20, 19, 25, 25, 20, 14, 16, '19h45', '2013-05-29', 0, 0, 0, 0, 1, 0, 0),
(517, 'CM029', 'm', '2', 1, 3, 45, 3, 0, 25, 16, 25, 20, 25, 14, 0, 0, 0, 0, '20h30', '2013-03-21', 0, 0, 0, 0, 0, 0, 1),
(518, 'CM030', 'm', '2', 1, 5, 8, 2, 3, 19, 25, 25, 16, 23, 25, 25, 21, 10, 15, '20h00', '2013-03-19', 0, 0, 0, 0, 1, 0, 0),
(519, 'CM031', 'm', '2', 1, 1, 14, 0, 3, 17, 25, 27, 29, 18, 25, 0, 0, 0, 0, '20h30', '2013-03-19', 0, 0, 0, 0, 1, 0, 0),
(520, 'CM032', 'm', '2', 1, 24, 11, 3, 0, 25, 19, 27, 25, 25, 17, 0, 0, 0, 0, '19h45', '2013-04-08', 0, 0, 0, 0, 1, 0, 0),
(521, 'CM033', 'm', '2', 2, 5, 45, 3, 1, 25, 16, 25, 21, 23, 25, 25, 17, 0, 0, '20h00', '2013-03-26', 0, 0, 0, 0, 1, 0, 0),
(522, 'CM034', 'm', '2', 2, 8, 1, 3, 0, 25, 18, 25, 19, 32, 30, 0, 0, 0, 0, '20h45', '2013-06-04', 0, 0, 0, 0, 1, 0, 0),
(523, 'CM035', 'm', '2', 2, 14, 11, 2, 3, 25, 18, 25, 22, 16, 25, 9, 25, 9, 15, '20h30', '2013-03-27', 0, 0, 0, 0, 1, 0, 0),
(524, 'CM036', 'm', '2', 2, 3, 24, 3, 0, 25, 10, 25, 15, 25, 15, 0, 0, 0, 0, '20h30', '2013-03-28', 0, 0, 0, 0, 0, 0, 0),
(525, 'CM037', 'm', '2', 3, 3, 14, 3, 2, 0, 0, 0, 0, 0, 0, 0, 0, 0, 0, '20h30', '2013-04-04', 0, 0, 0, 0, 0, 0, 0),
(526, 'CM038', 'm', '2', 3, 5, 24, 3, 0, 0, 0, 0, 0, 0, 0, 0, 0, 0, 0, '20h00', '2013-06-04', 0, 0, 0, 0, 0, 0, 1),
(527, 'CM039', 'm', '2', 3, 1, 45, 3, 0, 25, 17, 25, 20, 25, 21, 0, 0, 0, 0, '20h30', '2013-04-02', 0, 0, 0, 0, 1, 0, 0),
(528, 'CM040', 'm', '2', 3, 11, 8, 0, 3, 22, 25, 21, 25, 16, 25, 0, 0, 0, 0, '20h40', '2013-04-05', 0, 0, 0, 0, 1, 0, 0),
(529, 'CM041', 'm', '2', 4, 8, 3, 1, 3, 23, 25, 25, 11, 22, 25, 19, 25, 0, 0, '20h00', '2013-04-11', 0, 0, 0, 0, 0, 0, 0),
(530, 'CM042', 'm', '2', 4, 45, 11, 2, 3, 19, 25, 25, 15, 25, 22, 16, 25, 10, 15, '20h00', '2013-04-12', 0, 0, 0, 0, 1, 0, 0),
(531, 'CM043', 'm', '2', 4, 24, 1, 3, 2, 20, 25, 25, 19, 23, 25, 25, 15, 15, 9, '19h45', '2013-04-11', 0, 0, 0, 0, 1, 0, 0),
(532, 'CM044', 'm', '2', 4, 14, 5, 1, 3, 27, 29, 25, 22, 21, 25, 13, 25, 0, 0, '20h30', '2013-04-10', 0, 0, 0, 0, 1, 0, 0),
(533, 'CM045', 'm', '2', 5, 11, 3, 2, 3, 0, 0, 0, 0, 0, 0, 0, 0, 0, 0, '20h40', '2013-06-06', 0, 0, 0, 0, 0, 0, 0),
(534, 'CM046', 'm', '2', 5, 1, 5, 3, 1, 25, 22, 25, 20, 16, 25, 25, 22, 0, 0, '20h30', '2013-05-14', 0, 0, 0, 0, 1, 0, 0),
(535, 'CM047', 'm', '2', 5, 8, 45, 3, 1, 25, 23, 19, 25, 25, 11, 25, 14, 0, 0, '20h00', '2013-05-16', 0, 0, 0, 0, 1, 0, 0),
(536, 'CM048', 'm', '2', 5, 24, 14, 3, 1, 25, 17, 9, 25, 25, 22, 25, 21, 0, 0, '19h45', '2013-05-16', 0, 0, 0, 0, 1, 0, 0),
(537, 'CM049', 'm', '2', 6, 5, 3, 2, 3, 23, 25, 25, 21, 25, 18, 15, 25, 8, 15, '20h00', '2013-05-21', 0, 0, 0, 0, 0, 0, 0),
(538, 'CM050', 'm', '2', 6, 45, 24, 0, 3, 0, 25, 0, 25, 0, 25, 0, 0, 0, 0, '20h00', '2013-06-07', 0, 0, 1, 0, 0, 0, 0),
(539, 'CM051', 'm', '2', 6, 14, 8, 3, 1, 24, 26, 25, 18, 25, 22, 25, 23, 0, 0, '20h30', '2013-05-22', 0, 0, 0, 0, 1, 0, 0),
(540, 'CM052', 'm', '2', 6, 11, 1, 3, 1, 25, 19, 20, 25, 25, 16, 25, 23, 0, 0, '20h40', '2013-05-24', 0, 0, 0, 0, 1, 0, 0),
(541, 'CM053', 'm', '2', 7, 3, 1, 3, 1, 25, 16, 21, 25, 25, 16, 25, 14, 0, 0, '20h30', '2013-05-30', 0, 0, 0, 0, 0, 0, 0),
(542, 'CM054', 'm', '2', 7, 8, 24, 3, 0, 25, 14, 25, 22, 25, 22, 0, 0, 0, 0, '20h00', '2013-05-30', 0, 0, 0, 0, 1, 0, 0),
(543, 'CM055', 'm', '2', 7, 11, 5, 3, 1, 25, 23, 25, 23, 20, 25, 25, 19, 0, 0, '20h40', '2013-05-31', 0, 0, 0, 0, 1, 0, 0),
(544, 'CM056', 'm', '2', 7, 45, 14, 1, 3, 18, 25, 27, 25, 12, 25, 17, 25, 0, 0, '20h00', '2013-05-31', 0, 0, 0, 0, 0, 0, 0),
(545, 'CM057', 'm', '3', 1, 19, 54, 3, 1, 25, 21, 25, 7, 21, 25, 25, 17, 0, 0, '19h45', '2013-04-08', 0, 0, 0, 0, 1, 0, 0),
(546, 'CM058', 'm', '3', 1, 39, 4, 3, 0, 25, 20, 25, 18, 25, 16, 0, 0, 0, 0, '20h15', '2013-03-25', 0, 0, 0, 0, 1, 0, 0),
(547, 'CM059', 'm', '3', 1, 36, 7, 1, 3, 22, 25, 23, 25, 25, 21, 11, 25, 0, 0, '20h00', '2013-06-07', 0, 0, 0, 0, 0, 0, 0),
(548, 'CM060', 'm', '3', 1, 79, 43, 2, 3, 25, 18, 22, 25, 25, 22, 14, 25, 10, 15, '19h45', '2013-03-20', 0, 0, 0, 0, 1, 0, 1),
(549, 'CM061', 'm', '3', 2, 54, 4, 3, 2, 16, 25, 25, 21, 25, 16, 22, 25, 15, 13, '20h00', '2013-05-06', 0, 0, 0, 0, 1, 0, 2),
(550, 'CM062', 'm', '3', 2, 36, 39, 0, 3, 20, 25, 17, 25, 17, 25, 0, 0, 0, 0, '20h00', '2013-03-29', 0, 0, 0, 0, 1, 0, 0),
(551, 'CM063', 'm', '3', 2, 7, 79, 3, 0, 25, 11, 29, 27, 26, 24, 0, 0, 0, 0, '20h00', '2013-03-26', 0, 0, 0, 0, 1, 0, 0),
(552, 'CM064', 'm', '3', 2, 19, 43, 2, 3, 20, 25, 25, 19, 20, 25, 25, 19, 13, 15, '19h45', '2013-05-13', 0, 0, 0, 0, 1, 0, 0),
(553, 'CM065', 'm', '3', 3, 7, 19, 3, 0, 25, 20, 25, 19, 25, 22, 0, 0, 0, 0, '20h00', '2013-04-02', 0, 0, 0, 0, 1, 0, 0),
(554, 'CM066', 'm', '3', 3, 43, 4, 1, 3, 25, 19, 23, 25, 18, 25, 17, 25, 0, 0, '20h00', '2013-04-04', 0, 0, 0, 0, 1, 0, 1),
(555, 'CM067', 'm', '3', 3, 36, 54, 3, 0, 25, 18, 25, 23, 25, 23, 0, 0, 0, 0, '20h00', '2013-04-05', 0, 0, 0, 0, 1, 0, 0),
(556, 'CM068', 'm', '3', 3, 79, 39, 2, 3, 20, 25, 25, 17, 25, 21, 23, 25, 10, 15, '19h45', '2013-04-03', 0, 0, 0, 0, 1, 0, 0),
(557, 'CM069', 'm', '3', 4, 39, 19, 3, 2, 25, 20, 25, 15, 23, 25, 15, 25, 15, 10, '20h30', '2013-04-10', 0, 0, 0, 0, 1, 0, 0),
(558, 'CM070', 'm', '3', 4, 54, 79, 3, 1, 25, 11, 25, 13, 16, 25, 25, 18, 0, 0, '20h00', '2013-04-12', 0, 0, 0, 0, 1, 0, 0),
(559, 'CM071', 'm', '3', 4, 43, 36, 2, 3, 16, 25, 25, 22, 25, 13, 24, 26, 10, 15, '20h00', '2013-04-11', 0, 0, 0, 0, 1, 0, 0),
(560, 'CM072', 'm', '3', 4, 4, 7, 3, 2, 17, 25, 25, 23, 17, 25, 25, 19, 15, 11, '20h15', '2013-04-08', 0, 0, 0, 0, 1, 0, 0),
(561, 'CM073', 'm', '3', 5, 79, 19, 0, 3, 13, 25, 23, 25, 20, 25, 0, 0, 0, 0, '19h45', '2013-05-15', 0, 0, 0, 0, 1, 0, 0),
(562, 'CM074', 'm', '3', 5, 4, 36, 3, 1, 19, 25, 26, 24, 25, 20, 25, 17, 0, 0, '20h15', '2013-05-13', 0, 0, 0, 0, 1, 0, 0),
(563, 'CM075', 'm', '3', 5, 54, 39, 0, 3, 26, 28, 14, 25, 13, 25, 0, 0, 0, 0, '20h00', '2013-05-24', 0, 0, 0, 0, 1, 0, 0),
(564, 'CM076', 'm', '3', 5, 43, 7, 1, 3, 23, 25, 25, 21, 21, 25, 12, 25, 0, 0, '20h00', '2013-05-16', 0, 0, 0, 0, 1, 0, 0),
(565, 'CM077', 'm', '3', 6, 19, 4, 3, 1, 26, 24, 15, 25, 26, 24, 25, 19, 0, 0, '19h45', '2013-06-03', 0, 0, 0, 0, 0, 0, 0),
(566, 'CM078', 'm', '3', 6, 43, 54, 3, 1, 21, 25, 25, 20, 25, 17, 25, 22, 0, 0, '20h00', '2013-05-23', 0, 0, 0, 0, 1, 0, 1),
(567, 'CM079', 'm', '3', 6, 7, 39, 3, 1, 15, 25, 25, 22, 25, 20, 28, 26, 0, 0, '20h00', '2013-05-21', 0, 0, 0, 0, 1, 0, 0),
(568, 'CM080', 'm', '3', 6, 79, 36, 3, 2, 25, 19, 24, 26, 22, 25, 25, 16, 15, 9, '19h45', '2013-05-22', 0, 0, 0, 0, 1, 0, 1),
(569, 'CM081', 'm', '3', 7, 19, 36, 3, 0, 25, 19, 25, 22, 27, 25, 0, 0, 0, 0, '19h45', '2013-05-27', 0, 0, 0, 0, 0, 0, 0),
(570, 'CM082', 'm', '3', 7, 39, 43, 3, 1, 25, 20, 26, 24, 18, 25, 25, 19, 0, 0, '20h30', '2013-05-29', 0, 0, 0, 0, 0, 0, 0),
(571, 'CM083', 'm', '3', 7, 4, 79, 2, 3, 27, 25, 23, 25, 22, 25, 25, 23, 10, 15, '20h15', '2013-05-27', 0, 0, 0, 0, 1, 0, 1),
(572, 'CM084', 'm', '3', 7, 7, 54, 3, 1, 25, 14, 25, 21, 23, 25, 25, 17, 0, 0, '20h00', '2013-05-28', 0, 0, 0, 0, 0, 0, 0),
(573, 'CM085', 'm', '4', 1, 32, 21, 0, 3, 23, 25, 21, 25, 22, 25, 0, 0, 0, 0, '20h30', '2013-06-04', 0, 0, 0, 0, 0, 0, 2),
(574, 'CM086', 'm', '4', 1, 41, 103, 3, 0, 25, 0, 25, 0, 25, 0, 0, 0, 0, 0, '19h45', '2013-03-18', 0, 0, 0, 1, 1, 0, 0),
(575, 'CM087', 'm', '4', 1, 80, 132, 1, 3, 20, 25, 16, 25, 30, 28, 20, 25, 0, 0, '20h30', '2013-03-21', 0, 0, 0, 0, 1, 0, 0),
(576, 'CM088', 'm', '4', 2, 32, 41, 3, 0, 25, 14, 25, 14, 25, 17, 0, 0, 0, 0, '20h30', '2013-03-26', 0, 0, 0, 0, 1, 0, 0),
(577, 'CM089', 'm', '4', 2, 103, 80, 3, 0, 25, 14, 25, 22, 25, 19, 0, 0, 0, 0, '20h15', '2013-03-29', 0, 0, 0, 0, 1, 0, 0),
(578, 'CM090', 'm', '4', 2, 131, 132, 1, 3, 23, 25, 29, 31, 25, 21, 23, 25, 0, 0, '20h00', '2013-03-28', 0, 0, 0, 0, 1, 0, 0),
(579, 'CM091', 'm', '4', 3, 21, 132, 3, 0, 25, 15, 25, 15, 25, 20, 0, 0, 0, 0, '20h30', '2013-05-07', 0, 0, 0, 0, 1, 0, 0),
(580, 'CM092', 'm', '4', 3, 80, 32, 0, 3, 22, 25, 22, 25, 19, 25, 0, 0, 0, 0, '20h30', '2013-04-04', 0, 0, 0, 0, 1, 0, 0),
(581, 'CM093', 'm', '4', 3, 131, 103, 3, 0, 25, 12, 26, 24, 25, 15, 0, 0, 0, 0, '20h00', '2013-04-04', 0, 0, 0, 0, 1, 0, 0),
(582, 'CM094', 'm', '4', 4, 103, 21, 0, 3, 21, 25, 17, 25, 21, 25, 0, 0, 0, 0, '20h15', '2013-04-12', 0, 0, 0, 0, 1, 0, 0),
(583, 'CM095', 'm', '4', 4, 32, 131, 1, 3, 18, 25, 25, 18, 20, 25, 13, 25, 0, 0, '20h30', '2013-04-09', 0, 0, 0, 0, 1, 0, 0),
(584, 'CM096', 'm', '4', 4, 132, 41, 1, 3, 21, 25, 25, 18, 21, 25, 26, 28, 0, 0, '20h00', '2013-04-05', 0, 1, 0, 0, 1, 0, 0),
(585, 'CM097', 'm', '4', 5, 21, 131, 0, 3, 21, 25, 17, 25, 23, 25, 0, 0, 0, 0, '20h30', '2013-05-14', 0, 0, 0, 0, 1, 0, 0),
(586, 'CM098', 'm', '4', 5, 41, 80, 0, 3, 22, 25, 21, 25, 24, 26, 0, 0, 0, 0, '19h45', '2013-05-13', 0, 0, 0, 0, 1, 0, 0),
(587, 'CM099', 'm', '4', 5, 103, 32, 2, 3, 25, 23, 25, 23, 18, 25, 21, 25, 6, 15, '20h15', '2013-05-17', 0, 0, 0, 0, 0, 0, 0),
(588, 'CM100', 'm', '4', 6, 21, 41, 3, 1, 25, 20, 16, 25, 25, 21, 28, 26, 0, 0, '20h30', '2013-05-21', 0, 0, 0, 0, 1, 0, 0),
(589, 'CM101', 'm', '4', 6, 132, 103, 3, 0, 25, 0, 25, 0, 25, 0, 0, 0, 0, 0, '20h00', '2013-05-24', 0, 0, 0, 1, 1, 0, 0),
(590, 'CM102', 'm', '4', 6, 131, 80, 3, 0, 25, 19, 25, 20, 25, 12, 0, 0, 0, 0, '20h00', '2013-05-23', 0, 0, 0, 0, 1, 0, 0),
(591, 'CM103', 'm', '4', 7, 80, 21, 1, 3, 22, 25, 11, 25, 25, 23, 19, 25, 0, 0, '20h30', '2013-05-30', 0, 0, 0, 0, 0, 0, 0),
(592, 'CM104', 'm', '4', 7, 41, 131, 0, 3, 16, 25, 21, 25, 21, 25, 0, 0, 0, 0, '19h45', '2013-05-27', 0, 0, 0, 0, 1, 0, 0),
(593, 'CM105', 'm', '4', 7, 132, 32, 3, 0, 25, 0, 25, 0, 25, 0, 0, 0, 0, 0, '20h00', '2013-06-07', 0, 0, 0, 1, 1, 0, 0),
(594, 'CM106', 'm', '5', 1, 9, 13, 3, 0, 25, 22, 25, 19, 25, 16, 0, 0, 0, 0, '20h30', '2013-03-22', 0, 0, 0, 0, 1, 0, 0),
(595, 'CM107', 'm', '5', 1, 22, 28, 2, 3, 25, 21, 21, 25, 25, 22, 17, 25, 8, 15, '20h00', '2013-03-21', 0, 0, 0, 0, 1, 0, 0),
(596, 'CM108', 'm', '5', 1, 101, 77, 1, 3, 12, 25, 21, 25, 25, 12, 19, 25, 0, 0, '19h45', '2013-04-29', 0, 0, 0, 0, 1, 0, 1),
(597, 'CM109', 'm', '5', 2, 13, 22, 2, 3, 19, 25, 25, 21, 25, 16, 24, 26, 9, 15, '20h00', '2013-03-28', 0, 0, 0, 0, 1, 0, 0),
(598, 'CM110', 'm', '5', 2, 28, 101, 3, 0, 25, 23, 25, 21, 25, 22, 0, 0, 0, 0, '20h15', '2013-03-25', 0, 0, 0, 0, 1, 0, 0),
(599, 'CM111', 'm', '5', 2, 77, 30, 2, 3, 7, 25, 21, 25, 25, 23, 25, 23, 8, 15, '20h00', '2013-04-18', 0, 0, 0, 0, 1, 0, 1),
(600, 'CM112', 'm', '5', 3, 9, 77, 1, 3, 22, 25, 25, 20, 10, 25, 15, 25, 0, 0, '20h30', '2013-04-05', 0, 0, 0, 0, 1, 0, 0),
(601, 'CM113', 'm', '5', 3, 13, 101, 3, 2, 20, 25, 25, 23, 25, 23, 23, 25, 15, 9, '20h00', '2013-04-18', 0, 0, 0, 0, 1, 0, 1),
(602, 'CM114', 'm', '5', 3, 30, 28, 3, 0, 25, 19, 25, 15, 25, 21, 0, 0, 0, 0, '20h15', '2013-04-03', 0, 0, 0, 0, 1, 0, 0),
(603, 'CM115', 'm', '5', 4, 28, 9, 2, 3, 21, 25, 17, 25, 25, 15, 25, 19, 5, 15, '20h15', '2013-04-08', 0, 0, 0, 0, 1, 0, 0),
(604, 'CM116', 'm', '5', 4, 13, 30, 1, 3, 22, 25, 25, 17, 17, 25, 19, 25, 0, 0, '20h00', '2013-04-11', 0, 0, 0, 0, 1, 0, 0),
(605, 'CM117', 'm', '5', 4, 77, 22, 3, 0, 26, 24, 25, 22, 25, 17, 0, 0, 0, 0, '20h00', '2013-04-22', 0, 0, 0, 0, 1, 0, 0),
(606, 'CM118', 'm', '5', 5, 9, 30, 0, 3, 18, 25, 11, 25, 15, 25, 0, 0, 0, 0, '20h30', '2013-05-17', 0, 0, 0, 0, 1, 0, 0),
(607, 'CM119', 'm', '5', 5, 101, 22, 3, 2, 12, 25, 17, 25, 26, 24, 25, 21, 15, 11, '19h45', '2013-05-13', 0, 0, 0, 0, 1, 0, 0),
(608, 'CM120', 'm', '5', 5, 28, 13, 3, 2, 23, 25, 22, 25, 25, 21, 25, 17, 15, 5, '20h15', '2013-06-03', 0, 0, 0, 0, 1, 0, 0),
(609, 'CM121', 'm', '5', 6, 22, 9, 2, 3, 25, 10, 22, 25, 25, 21, 15, 25, 13, 15, '20h00', '2013-06-07', 0, 0, 0, 0, 1, 0, 0),
(610, 'CM122', 'm', '5', 6, 77, 28, 3, 1, 25, 23, 19, 25, 27, 25, 25, 22, 0, 0, '20h00', '2013-05-23', 0, 0, 0, 0, 1, 0, 0),
(611, 'CM123', 'm', '5', 6, 30, 101, 1, 3, 25, 20, 15, 25, 23, 25, 23, 25, 0, 0, '20h15', '2013-06-06', 0, 0, 0, 0, 1, 0, 1),
(612, 'CM124', 'm', '5', 7, 9, 101, 3, 1, 25, 23, 25, 17, 17, 25, 27, 25, 0, 0, '20h30', '2013-05-31', 0, 0, 0, 0, 1, 0, 0),
(613, 'CM125', 'm', '5', 7, 22, 30, 2, 3, 14, 25, 26, 24, 25, 14, 16, 25, 13, 15, '20h00', '2013-05-30', 0, 0, 0, 0, 1, 0, 0),
(614, 'CM126', 'm', '5', 7, 77, 13, 3, 1, 21, 25, 25, 23, 25, 20, 25, 10, 0, 0, '20h00', '2013-05-30', 0, 0, 0, 0, 0, 0, 0),
(615, 'CM127', 'm', '6', 1, 26, 52, 1, 3, 22, 25, 15, 25, 25, 13, 23, 25, 0, 0, '20h00', '2013-04-16', 0, 0, 0, 0, 1, 0, 1),
(616, 'CM128', 'm', '6', 1, 78, 130, 0, 3, 15, 25, 18, 25, 16, 25, 0, 0, 0, 0, '20h00', '2013-03-22', 0, 0, 0, 0, 1, 0, 0),
(617, 'CM129', 'm', '6', 1, 33, 105, 1, 3, 25, 22, 17, 25, 20, 25, 25, 27, 0, 0, '20h40', '2013-03-22', 0, 0, 0, 0, 1, 0, 0),
(618, 'CM130', 'm', '6', 1, 50, 47, 2, 3, 22, 25, 25, 22, 19, 25, 30, 28, 6, 15, '19h30', '2013-03-21', 0, 0, 0, 0, 1, 0, 0),
(619, 'CM131', 'm', '6', 2, 52, 130, 0, 3, 12, 25, 11, 25, 7, 25, 0, 0, 0, 0, '20h00', '2013-03-29', 0, 0, 0, 0, 1, 0, 0),
(620, 'CM132', 'm', '6', 2, 33, 78, 3, 2, 23, 25, 23, 25, 25, 18, 25, 18, 15, 7, '20h40', '2013-05-03', 0, 0, 0, 0, 1, 0, 1),
(621, 'CM133', 'm', '6', 2, 50, 105, 1, 3, 20, 25, 21, 25, 25, 22, 13, 25, 0, 0, '19h30', '2013-03-28', 0, 0, 0, 0, 1, 0, 0),
(622, 'CM134', 'm', '6', 2, 47, 26, 3, 1, 16, 25, 25, 21, 25, 13, 25, 23, 0, 0, '20h00', '2013-03-29', 0, 0, 0, 0, 0, 0, 0),
(623, 'CM135', 'm', '6', 3, 26, 105, 1, 3, 28, 26, 16, 25, 22, 25, 19, 25, 0, 0, '20h00', '2013-04-03', 0, 0, 0, 0, 1, 0, 0),
(624, 'CM136', 'm', '6', 3, 47, 130, 0, 3, 19, 25, 10, 25, 13, 25, 0, 0, 0, 0, '20h00', '2013-04-05', 0, 0, 0, 0, 1, 0, 0),
(625, 'CM137', 'm', '6', 3, 33, 52, 3, 1, 25, 17, 21, 25, 26, 24, 25, 20, 0, 0, '20h40', '2013-04-05', 0, 0, 0, 0, 1, 0, 0),
(626, 'CM138', 'm', '6', 3, 78, 50, 3, 0, 25, 21, 25, 14, 25, 17, 0, 0, 0, 0, '20h00', '2013-04-08', 0, 0, 0, 0, 0, 0, 0),
(627, 'CM139', 'm', '6', 4, 26, 78, 3, 2, 25, 23, 23, 25, 23, 25, 25, 23, 17, 15, '20h00', '2013-06-04', 0, 0, 0, 0, 1, 0, 1),
(628, 'CM140', 'm', '6', 4, 52, 50, 3, 1, 25, 23, 25, 22, 18, 25, 25, 20, 0, 0, '20h00', '2013-04-12', 0, 0, 0, 0, 1, 0, 0),
(629, 'CM141', 'm', '6', 4, 47, 33, 0, 3, 25, 27, 12, 25, 15, 25, 0, 0, 0, 0, '20h00', '2013-04-12', 0, 0, 0, 0, 0, 0, 0),
(630, 'CM142', 'm', '6', 4, 130, 105, 3, 0, 26, 24, 25, 23, 25, 17, 0, 0, 0, 0, '20h00', '2013-04-09', 0, 0, 0, 0, 1, 0, 0),
(631, 'CM143', 'm', '6', 5, 50, 26, 0, 3, 11, 25, 17, 25, 14, 25, 0, 0, 0, 0, '19h30', '2013-05-16', 0, 0, 0, 0, 1, 0, 0),
(632, 'CM144', 'm', '6', 5, 33, 130, 1, 3, 11, 25, 25, 22, 16, 25, 13, 25, 0, 0, '20h40', '2013-05-17', 0, 0, 0, 0, 1, 0, 0),
(633, 'CM145', 'm', '6', 5, 52, 78, 3, 0, 25, 0, 25, 0, 25, 0, 0, 0, 0, 0, '20h00', '2013-06-07', 0, 0, 0, 1, 1, 0, 0),
(634, 'CM146', 'm', '6', 5, 47, 105, 0, 3, 8, 25, 21, 25, 19, 25, 0, 0, 0, 0, '20h00', '2013-06-07', 0, 0, 0, 0, 1, 0, 0),
(635, 'CM147', 'm', '6', 6, 130, 26, 0, 3, 15, 25, 20, 25, 16, 25, 0, 0, 0, 0, '20h00', '2013-05-24', 0, 0, 0, 0, 1, 0, 0),
(636, 'CM148', 'm', '6', 6, 52, 47, 3, 2, 25, 23, 26, 24, 17, 25, 17, 25, 15, 6, '20h00', '2013-05-24', 0, 0, 0, 0, 1, 0, 0),
(637, 'CM149', 'm', '6', 6, 78, 105, 3, 2, 21, 25, 25, 21, 23, 25, 25, 18, 15, 9, '20h00', '2013-05-24', 0, 0, 0, 0, 0, 0, 0),
(638, 'CM150', 'm', '6', 6, 50, 33, 2, 3, 18, 25, 25, 23, 25, 14, 23, 25, 12, 15, '19h30', '2013-06-06', 0, 0, 0, 0, 1, 0, 0),
(639, 'CM151', 'm', '6', 7, 26, 33, 3, 2, 19, 25, 27, 25, 25, 23, 17, 25, 15, 11, '20h00', '2013-05-28', 0, 0, 0, 0, 1, 0, 0),
(640, 'CM152', 'm', '6', 7, 78, 47, 0, 3, 19, 25, 20, 25, 19, 25, 0, 0, 0, 0, '20h00', '2013-05-31', 0, 0, 0, 0, 1, 0, 0),
(641, 'CM153', 'm', '6', 7, 130, 50, 3, 0, 25, 19, 25, 13, 25, 15, 0, 0, 0, 0, '20h00', '2013-05-31', 0, 0, 0, 0, 0, 0, 0),
(642, 'CM154', 'm', '6', 7, 52, 105, 0, 3, 24, 26, 15, 25, 15, 25, 0, 0, 0, 0, '20h00', '2013-05-31', 0, 0, 0, 0, 1, 0, 0),
(643, 'CM155', 'm', '7', 1, 55, 81, 0, 3, 0, 25, 0, 25, 0, 25, 0, 0, 0, 0, '20h00', '2013-05-31', 0, 0, 1, 0, 1, 0, 0),
(644, 'CM156', 'm', '7', 1, 134, 133, 3, 0, 25, 15, 25, 22, 26, 24, 0, 0, 0, 0, '20h00', '2013-03-22', 0, 0, 0, 0, 1, 0, 0),
(645, 'CM157', 'm', '7', 1, 34, 49, 3, 0, 25, 0, 25, 0, 25, 0, 0, 0, 0, 0, '20h00', '2013-03-20', 0, 0, 0, 1, 1, 0, 0),
(646, 'CM158', 'm', '7', 1, 155, 156, 3, 0, 25, 23, 25, 22, 25, 21, 0, 0, 0, 0, '19h45', '2013-06-06', 0, 0, 0, 0, 0, 0, 2),
(647, 'CM159', 'm', '7', 2, 55, 134, 0, 3, 0, 25, 0, 25, 0, 25, 0, 0, 0, 0, '20h00', '2013-04-17', 0, 0, 1, 0, 1, 0, 2),
(648, 'CM160', 'm', '7', 2, 133, 34, 3, 2, 25, 21, 27, 25, 22, 25, 23, 25, 15, 13, '20h30', '2013-03-25', 0, 0, 0, 0, 1, 0, 0),
(649, 'CM161', 'm', '7', 2, 155, 49, 2, 3, 23, 25, 25, 14, 22, 25, 25, 22, 11, 15, '19h45', '2013-05-03', 0, 0, 0, 0, 1, 0, 1),
(650, 'CM162', 'm', '7', 2, 81, 156, 3, 0, 25, 16, 25, 13, 25, 22, 0, 0, 0, 0, '20h45', '2013-03-27', 0, 0, 0, 0, 1, 0, 0),
(651, 'CM163', 'm', '7', 3, 81, 49, 3, 1, 25, 16, 18, 25, 25, 23, 25, 18, 0, 0, '20h45', '2013-04-03', 0, 0, 0, 0, 1, 0, 0),
(652, 'CM164', 'm', '7', 3, 134, 156, 3, 0, 25, 18, 25, 21, 25, 19, 0, 0, 0, 0, '20h00', '2013-04-05', 0, 0, 0, 0, 1, 0, 0),
(653, 'CM165', 'm', '7', 3, 34, 55, 3, 1, 25, 21, 25, 23, 25, 27, 26, 24, 0, 0, '20h00', '2013-04-03', 0, 0, 0, 0, 1, 0, 0),
(654, 'CM166', 'm', '7', 3, 155, 133, 1, 3, 24, 26, 25, 17, 19, 25, 21, 25, 0, 0, '19h45', '2013-04-06', 0, 0, 0, 0, 1, 0, 0),
(655, 'CM167', 'm', '7', 4, 133, 81, 0, 3, 24, 26, 22, 25, 18, 25, 0, 0, 0, 0, '20h30', '2013-04-08', 0, 0, 0, 0, 1, 0, 0),
(656, 'CM168', 'm', '7', 4, 55, 155, 3, 2, 21, 25, 25, 20, 19, 25, 25, 23, 15, 11, '20h00', '2013-04-12', 0, 0, 0, 0, 1, 0, 0),
(657, 'CM169', 'm', '7', 4, 34, 156, 3, 1, 20, 25, 25, 14, 25, 14, 25, 11, 0, 0, '20h00', '2013-04-10', 0, 0, 0, 0, 1, 0, 0),
(658, 'CM170', 'm', '7', 4, 49, 134, 3, 1, 20, 25, 25, 17, 25, 16, 25, 15, 0, 0, '19h30', '2013-04-09', 0, 0, 0, 0, 1, 0, 0),
(659, 'CM171', 'm', '7', 5, 81, 155, 3, 0, 25, 11, 25, 21, 25, 23, 0, 0, 0, 0, '20h45', '2013-05-15', 0, 0, 0, 0, 1, 0, 0),
(660, 'CM172', 'm', '7', 5, 34, 134, 0, 3, 15, 25, 13, 25, 15, 25, 0, 0, 0, 0, '20h00', '2013-05-15', 0, 0, 0, 0, 1, 0, 0),
(661, 'CM173', 'm', '7', 5, 133, 55, 3, 0, 25, 0, 25, 0, 25, 0, 0, 0, 0, 0, '20h30', '2013-06-03', 0, 0, 0, 1, 0, 0, 0),
(662, 'CM174', 'm', '7', 5, 49, 156, 3, 0, 25, 10, 25, 18, 25, 23, 0, 0, 0, 0, '19h30', '2013-05-14', 0, 0, 0, 0, 1, 0, 0),
(663, 'CM175', 'm', '7', 6, 134, 81, 3, 2, 24, 26, 14, 25, 25, 19, 25, 12, 16, 14, '20h00', '2013-05-24', 0, 0, 0, 0, 1, 0, 0),
(664, 'CM176', 'm', '7', 6, 55, 156, 0, 3, 0, 25, 0, 25, 0, 25, 0, 0, 0, 0, '20h00', '2013-05-24', 0, 0, 1, 0, 1, 0, 0),
(665, 'CM177', 'm', '7', 6, 49, 133, 3, 1, 25, 17, 25, 19, 17, 25, 25, 22, 0, 0, '19h30', '2013-05-21', 0, 0, 0, 0, 1, 0, 0),
(666, 'CM178', 'm', '7', 6, 155, 34, 3, 2, 26, 24, 18, 25, 26, 15, 24, 26, 15, 11, '19h45', '2013-05-24', 0, 0, 0, 0, 0, 0, 0),
(667, 'CM179', 'm', '7', 7, 81, 34, 3, 2, 15, 25, 25, 19, 20, 25, 25, 21, 15, 13, '20h45', '2013-05-29', 0, 0, 0, 0, 1, 0, 0),
(668, 'CM180', 'm', '7', 7, 133, 156, 3, 0, 0, 0, 0, 0, 0, 0, 0, 0, 0, 0, '20h30', '2013-05-27', 0, 0, 0, 0, 0, 0, 2),
(669, 'CM181', 'm', '7', 7, 134, 155, 3, 2, 19, 25, 25, 9, 23, 25, 25, 17, 15, 7, '20h00', '2013-05-31', 0, 0, 0, 0, 1, 0, 0),
(670, 'CM182', 'm', '7', 7, 49, 55, 3, 0, 25, 0, 25, 0, 25, 0, 0, 0, 0, 0, '19h30', '2013-05-28', 0, 0, 0, 1, 1, 0, 1),
(671, 'CF001', 'f', '1', 1, 108, 135, 3, 1, 25, 16, 33, 31, 23, 25, 25, 20, 0, 0, '20h30', '2013-03-18', 0, 0, 0, 0, 1, 0, 0),
(672, 'CF002', 'f', '1', 1, 128, 63, 3, 0, 25, 14, 25, 21, 25, 19, 0, 0, 0, 0, '20h45', '2013-06-05', 0, 0, 0, 0, 0, 0, 0),
(673, 'CF003', 'f', '1', 1, 66, 59, 3, 1, 12, 25, 25, 14, 25, 14, 25, 16, 0, 0, '20h00', '2013-03-21', 0, 0, 0, 0, 1, 0, 0),
(674, 'CF004', 'f', '1', 1, 136, 83, 0, 3, 8, 25, 24, 26, 8, 25, 0, 0, 0, 0, '20h45', '2013-03-21', 0, 0, 0, 0, 1, 0, 0),
(675, 'CF005', 'f', '1', 2, 135, 128, 1, 3, 21, 25, 25, 19, 14, 25, 17, 25, 0, 0, '20h30', '2013-03-27', 0, 0, 0, 0, 1, 0, 0),
(676, 'CF006', 'f', '1', 2, 63, 66, 3, 2, 21, 25, 25, 20, 21, 25, 25, 21, 15, 10, '20h00', '2013-04-15', 0, 0, 0, 0, 1, 0, 0),
(677, 'CF007', 'f', '1', 2, 59, 136, 3, 0, 25, 20, 25, 17, 25, 23, 0, 0, 0, 0, '20h00', '2013-03-28', 0, 0, 0, 0, 1, 0, 0),
(678, 'CF008', 'f', '1', 2, 83, 108, 0, 3, 16, 25, 15, 25, 18, 25, 0, 0, 0, 0, '20h30', '2013-03-29', 0, 0, 0, 0, 1, 0, 0),
(679, 'CF009', 'f', '1', 3, 59, 108, 1, 3, 14, 25, 21, 25, 25, 22, 20, 25, 0, 0, '20h00', '2013-04-04', 0, 0, 0, 0, 1, 0, 0),
(680, 'CF010', 'f', '1', 3, 128, 83, 3, 0, 25, 17, 25, 16, 25, 22, 0, 0, 0, 0, '20h45', '2013-04-03', 0, 0, 0, 0, 1, 0, 1),
(681, 'CF011', 'f', '1', 3, 66, 135, 1, 3, 25, 23, 21, 25, 14, 25, 21, 25, 0, 0, '20h00', '2013-04-04', 0, 0, 0, 0, 1, 0, 0),
(682, 'CF012', 'f', '1', 3, 136, 63, 0, 3, 18, 25, 7, 25, 20, 25, 0, 0, 0, 0, '20h45', '2013-04-04', 0, 0, 0, 0, 1, 0, 0),
(683, 'CF013', 'f', '1', 4, 63, 108, 3, 1, 17, 25, 25, 14, 25, 22, 25, 17, 0, 0, '20h00', '2013-04-11', 0, 0, 0, 0, 1, 0, 0),
(684, 'CF014', 'f', '1', 4, 135, 136, 3, 0, 25, 10, 25, 13, 25, 15, 0, 0, 0, 0, '20h30', '2013-04-10', 0, 0, 0, 0, 1, 0, 0),
(685, 'CF015', 'f', '1', 4, 83, 66, 1, 3, 22, 25, 12, 25, 25, 23, 18, 25, 0, 0, '20h30', '2013-05-14', 0, 0, 0, 0, 1, 0, 0),
(686, 'CF016', 'f', '1', 4, 59, 128, 0, 3, 22, 25, 11, 25, 20, 25, 0, 0, 0, 0, '20h00', '2013-04-11', 0, 0, 0, 0, 1, 0, 0),
(687, 'CF017', 'f', '1', 5, 108, 136, 3, 0, 25, 10, 25, 20, 25, 16, 0, 0, 0, 0, '20h30', '2013-05-13', 0, 0, 0, 0, 1, 0, 0),
(688, 'CF018', 'f', '1', 5, 66, 128, 0, 3, 21, 25, 23, 25, 18, 25, 0, 0, 0, 0, '20h00', '2013-05-16', 0, 0, 0, 0, 1, 0, 0),
(689, 'CF019', 'f', '1', 5, 63, 135, 0, 3, 20, 25, 23, 25, 17, 25, 0, 0, 0, 0, '20h00', '2013-05-16', 0, 0, 0, 0, 1, 0, 0),
(690, 'CF020', 'f', '1', 5, 83, 59, 1, 3, 15, 25, 25, 20, 23, 25, 23, 25, 0, 0, '20h30', '2013-05-17', 0, 0, 0, 0, 1, 0, 0),
(691, 'CF021', 'f', '1', 6, 128, 108, 3, 1, 25, 23, 22, 25, 25, 8, 26, 24, 0, 0, '20h45', '2013-05-22', 0, 0, 0, 0, 1, 0, 0),
(692, 'CF022', 'f', '1', 6, 135, 83, 3, 1, 25, 19, 28, 30, 25, 22, 25, 16, 0, 0, '20h30', '2013-05-22', 0, 0, 0, 0, 1, 0, 0),
(693, 'CF023', 'f', '1', 6, 59, 63, 3, 2, 18, 25, 24, 26, 26, 24, 28, 26, 17, 15, '20h00', '2013-05-23', 0, 0, 0, 0, 1, 0, 0),
(694, 'CF024', 'f', '1', 6, 136, 66, 3, 1, 22, 25, 25, 20, 25, 8, 25, 7, 0, 0, '20h45', '2013-05-23', 0, 0, 0, 0, 1, 0, 0),
(695, 'CF025', 'f', '1', 7, 108, 66, 3, 1, 25, 23, 25, 16, 20, 25, 28, 26, 0, 0, '20h30', '2013-05-27', 0, 0, 0, 0, 1, 0, 0),
(696, 'CF026', 'f', '1', 7, 63, 83, 3, 0, 25, 0, 25, 0, 25, 0, 0, 0, 0, 0, '20h00', '2013-05-31', 0, 0, 0, 1, 1, 0, 0),
(697, 'CF027', 'f', '1', 7, 128, 136, 3, 0, 25, 19, 25, 18, 25, 16, 0, 0, 0, 0, '20h45', '2013-05-29', 0, 0, 0, 0, 0, 0, 0),
(698, 'CF028', 'f', '1', 7, 135, 59, 3, 0, 25, 12, 25, 16, 25, 22, 0, 0, 0, 0, '20h30', '2013-05-29', 0, 0, 0, 0, 1, 0, 0),
(699, 'CF029', 'f', '2', 1, 70, 67, 3, 0, 25, 15, 26, 24, 25, 21, 0, 0, 0, 0, '19h30', '2013-03-20', 0, 0, 0, 0, 1, 0, 0),
(700, 'CF030', 'f', '2', 1, 72, 62, 0, 3, 21, 25, 18, 25, 18, 25, 0, 0, 0, 0, '20h00', '2013-03-25', 0, 0, 0, 0, 1, 0, 0),
(701, 'CF031', 'f', '2', 1, 82, 61, 3, 0, 25, 9, 25, 20, 25, 16, 0, 0, 0, 0, '20h00', '2013-03-22', 0, 0, 0, 0, 1, 0, 0),
(702, 'CF032', 'f', '2', 1, 129, 85, 3, 2, 25, 18, 25, 18, 19, 25, 19, 25, 15, 4, '20h30', '2013-03-20', 0, 0, 0, 0, 1, 0, 0),
(703, 'CF033', 'f', '2', 1, 73, 157, 2, 3, 18, 25, 25, 18, 25, 17, 28, 30, 13, 15, '20h00', '2013-03-22', 0, 0, 0, 0, 1, 0, 0),
(704, 'CF034', 'f', '2', 2, 67, 62, 3, 1, 25, 16, 17, 25, 25, 19, 25, 22, 0, 0, '20h00', '2013-03-29', 0, 0, 0, 0, 1, 0, 0),
(705, 'CF035', 'f', '2', 2, 72, 82, 1, 3, 27, 29, 23, 25, 25, 18, 22, 25, 0, 0, '20h00', '2013-04-18', 0, 0, 0, 0, 1, 0, 0),
(706, 'CF036', 'f', '2', 2, 61, 85, 3, 2, 16, 25, 25, 27, 25, 23, 25, 14, 15, 12, '19h45', '2013-03-25', 0, 0, 0, 0, 1, 0, 0),
(707, 'CF037', 'f', '2', 2, 129, 73, 3, 0, 25, 13, 25, 19, 25, 11, 0, 0, 0, 0, '20h30', '2013-03-27', 0, 0, 0, 0, 1, 0, 0),
(708, 'CF038', 'f', '2', 2, 70, 157, 3, 1, 18, 25, 25, 6, 25, 8, 25, 20, 0, 0, '19h30', '2013-03-27', 0, 0, 0, 0, 1, 0, 0),
(709, 'CF039', 'f', '2', 3, 62, 70, 0, 3, 11, 25, 10, 25, 19, 25, 0, 0, 0, 0, '19h15', '2013-04-05', 0, 0, 0, 0, 1, 0, 0),
(710, 'CF040', 'f', '2', 3, 82, 67, 3, 1, 25, 21, 25, 16, 18, 25, 25, 20, 0, 0, '20h00', '2013-04-05', 0, 0, 0, 0, 1, 0, 0),
(711, 'CF041', 'f', '2', 3, 72, 85, 1, 3, 25, 21, 15, 25, 23, 25, 23, 25, 0, 0, '20h00', '2013-04-05', 0, 0, 0, 0, 1, 0, 0),
(712, 'CF042', 'f', '2', 3, 73, 61, 3, 2, 21, 25, 27, 25, 25, 22, 18, 25, 15, 9, '20h00', '2013-04-05', 1, 0, 0, 0, 1, 0, 0),
(713, 'CF043', 'f', '2', 3, 129, 157, 2, 3, 22, 25, 27, 25, 21, 25, 28, 26, 14, 16, '20h30', '2013-04-03', 0, 0, 0, 0, 1, 0, 0),
(714, 'CF044', 'f', '2', 4, 70, 82, 3, 0, 25, 21, 25, 19, 25, 14, 0, 0, 0, 0, '19h30', '2013-04-10', 0, 0, 0, 0, 1, 0, 0),
(715, 'CF045', 'f', '2', 4, 67, 85, 2, 3, 21, 25, 25, 17, 25, 15, 21, 25, 11, 15, '20h00', '2013-04-12', 0, 0, 0, 0, 1, 0, 0),
(716, 'CF046', 'f', '2', 4, 72, 73, 3, 2, 25, 21, 10, 25, 25, 22, 24, 26, 15, 13, '20h00', '2013-04-12', 0, 0, 0, 0, 1, 0, 0),
(717, 'CF047', 'f', '2', 4, 61, 129, 1, 3, 18, 25, 25, 20, 8, 25, 18, 25, 0, 0, '19h45', '2013-04-08', 0, 0, 0, 0, 1, 0, 0),
(718, 'CF048', 'f', '2', 4, 62, 157, 3, 1, 22, 25, 25, 17, 25, 16, 25, 21, 0, 0, '19h15', '2013-04-12', 0, 0, 0, 0, 1, 0, 1),
(719, 'CF049', 'f', '2', 5, 85, 70, 0, 3, 11, 25, 19, 25, 22, 25, 0, 0, 0, 0, '19h45', '2013-05-27', 0, 0, 0, 0, 1, 0, 0),
(720, 'CF050', 'f', '2', 5, 73, 67, 0, 3, 16, 25, 23, 25, 10, 25, 0, 0, 0, 0, '20h00', '2013-05-17', 0, 0, 0, 0, 1, 0, 1),
(721, 'CF051', 'f', '2', 5, 72, 129, 3, 0, 25, 13, 25, 20, 25, 10, 0, 0, 0, 0, '20h00', '2013-05-02', 0, 0, 0, 0, 1, 0, 0),
(722, 'CF052', 'f', '2', 5, 62, 82, 2, 3, 26, 24, 15, 25, 25, 23, 20, 25, 6, 15, '19h15', '2013-05-17', 0, 0, 0, 0, 1, 0, 0),
(723, 'CF053', 'f', '2', 5, 61, 157, 3, 0, 25, 18, 25, 23, 25, 17, 0, 0, 0, 0, '19h45', '2013-05-13', 0, 0, 0, 0, 1, 0, 0),
(724, 'CF054', 'f', '2', 6, 70, 72, 3, 0, 25, 19, 25, 22, 26, 24, 0, 0, 0, 0, '19h30', '2013-05-22', 0, 0, 0, 0, 1, 0, 0),
(725, 'CF055', 'f', '2', 6, 67, 61, 0, 3, 0, 25, 0, 25, 0, 25, 0, 0, 0, 0, '20h00', '2013-05-24', 0, 0, 1, 0, 1, 0, 0),
(726, 'CF056', 'f', '2', 6, 129, 62, 3, 1, 25, 20, 23, 25, 25, 17, 25, 22, 0, 0, '20h30', '2013-05-22', 0, 0, 0, 0, 1, 0, 0),
(727, 'CF057', 'f', '2', 6, 82, 73, 3, 0, 26, 24, 25, 15, 25, 19, 0, 0, 0, 0, '20h00', '2013-05-24', 0, 0, 0, 0, 1, 0, 0),
(728, 'CF058', 'f', '2', 6, 157, 85, 1, 3, 26, 24, 17, 25, 20, 25, 18, 25, 0, 0, '20h00', '2013-05-22', 0, 0, 0, 0, 1, 0, 0),
(729, 'CF059', 'f', '2', 7, 73, 70, 0, 3, 11, 25, 15, 25, 19, 25, 0, 0, 0, 0, '20h00', '2013-05-31', 0, 0, 0, 0, 1, 0, 0),
(730, 'CF060', 'f', '2', 7, 61, 72, 0, 3, 22, 25, 14, 25, 18, 25, 0, 0, 0, 0, '19h45', '2013-05-27', 0, 0, 0, 0, 1, 0, 0),
(731, 'CF061', 'f', '2', 7, 62, 85, 0, 3, 18, 25, 11, 25, 17, 25, 0, 0, 0, 0, '19h15', '2013-05-31', 0, 0, 0, 0, 1, 0, 0),
(732, 'CF062', 'f', '2', 7, 82, 129, 1, 3, 23, 25, 17, 25, 25, 21, 19, 25, 0, 0, '20h00', '2013-05-31', 0, 0, 0, 0, 1, 0, 0),
(733, 'CF063', 'f', '2', 7, 157, 67, 0, 3, 10, 25, 18, 25, 16, 25, 0, 0, 0, 0, '20h00', '2013-05-29', 0, 0, 0, 0, 1, 0, 0),
(734, 'CF064', 'f', '2', 8, 70, 61, 3, 1, 9, 25, 25, 22, 25, 20, 25, 17, 0, 0, '19h30', '2013-06-05', 0, 0, 0, 0, 0, 0, 0);
INSERT INTO `matches` (`id_match`, `code_match`, `code_competition`, `division`, `journee`, `id_equipe_dom`, `id_equipe_ext`, `score_equipe_dom`, `score_equipe_ext`, `set_1_dom`, `set_1_ext`, `set_2_dom`, `set_2_ext`, `set_3_dom`, `set_3_ext`, `set_4_dom`, `set_4_ext`, `set_5_dom`, `set_5_ext`, `heure_reception`, `date_reception`, `gagnea5_dom`, `gagnea5_ext`, `forfait_dom`, `forfait_ext`, `certif`, `report`, `retard`) VALUES
(735, 'CF065', 'f', '2', 8, 85, 82, 3, 0, 25, 17, 26, 24, 25, 12, 0, 0, 0, 0, '19h45', '2013-06-03', 0, 0, 0, 0, 1, 0, 0),
(736, 'CF066', 'f', '2', 8, 67, 129, 3, 1, 25, 14, 25, 10, 23, 25, 25, 11, 0, 0, '20h00', '2013-06-07', 0, 0, 0, 0, 1, 0, 0),
(737, 'CF067', 'f', '2', 8, 62, 73, 3, 0, 25, 22, 25, 14, 25, 15, 0, 0, 0, 0, '19h15', '2013-06-07', 0, 0, 0, 0, 1, 0, 0),
(738, 'CF068', 'f', '2', 8, 72, 157, 0, 3, 21, 25, 19, 25, 14, 25, 0, 0, 0, 0, '20h00', '2013-06-06', 0, 0, 0, 0, 0, 0, 1),
(739, 'CF069', 'f', '2', 9, 129, 70, 0, 3, 17, 25, 19, 25, 22, 25, 0, 0, 0, 0, '20h30', '2013-06-12', 0, 0, 0, 0, 0, 0, 0),
(740, 'CF070', 'f', '2', 9, 67, 72, 1, 3, 20, 25, 25, 11, 24, 26, 20, 25, 0, 0, '20h00', '2013-06-14', 0, 0, 0, 0, 1, 0, 0),
(741, 'CF071', 'f', '2', 9, 61, 62, 1, 3, 25, 19, 9, 25, 22, 25, 19, 25, 0, 0, '19h45', '2013-06-10', 0, 0, 0, 0, 1, 0, 0),
(742, 'CF072', 'f', '2', 9, 85, 73, 3, 0, 25, 0, 25, 0, 25, 0, 0, 0, 0, 0, '19h45', '2013-06-10', 0, 0, 0, 1, 1, 0, 0),
(744, 'CC099', 'cf', '1', 1, 14, 2, 1, 3, 0, 0, 0, 0, 0, 0, 0, 0, 0, 0, '20h45', '2013-04-17', 0, 0, 0, 0, 1, 0, 0),
(745, 'CC100', 'cf', '1', 1, 80, 131, 1, 3, 26, 24, 24, 26, 14, 25, 21, 25, 0, 0, '20h30', '2013-05-02', 0, 0, 0, 0, 1, 0, 0),
(746, 'CC101', 'cf', '1', 1, 75, 79, 3, 1, 25, 18, 25, 19, 23, 25, 25, 17, 0, 0, '20h00', '2013-05-02', 0, 0, 0, 0, 1, 0, 0),
(747, 'CC102', 'cf', '1', 1, 1, 20, 3, 1, 25, 23, 22, 25, 25, 14, 25, 17, 0, 0, '20h45', '2013-04-30', 0, 0, 0, 0, 1, 0, 0),
(748, 'CC103', 'cf', '1', 1, 130, 16, 3, 0, 25, 23, 25, 23, 25, 23, 0, 0, 0, 0, '20h30', '2013-04-29', 0, 0, 0, 0, 1, 0, 0),
(749, 'CC104', 'cf', '1', 1, 9, 102, 0, 3, 0, 25, 0, 25, 0, 25, 0, 0, 0, 0, '20h30', '2013-05-03', 0, 0, 1, 0, 1, 0, 0),
(750, 'CC105', 'cf', '1', 1, 12, 5, 3, 1, 25, 19, 20, 25, 25, 21, 25, 15, 0, 0, '19h45', '2013-04-29', 0, 0, 0, 0, 1, 0, 0),
(751, 'CC106', 'cf', '1', 1, 76, 32, 3, 0, 25, 18, 25, 23, 25, 21, 0, 0, 0, 0, '19h45', '2013-05-02', 0, 0, 0, 0, 1, 0, 0),
(752, 'KH061', 'kf', '1', 1, 138, 139, 3, 1, 25, 18, 22, 25, 25, 21, 25, 18, 0, 0, '20h30', '2013-04-23', 0, 0, 0, 0, 1, 0, 0),
(753, 'KH062', 'kf', '1', 1, 151, 146, 3, 2, 25, 22, 25, 27, 21, 25, 25, 15, 15, 7, '20h00', '2013-05-03', 0, 0, 0, 0, 1, 0, 0),
(754, 'KH063', 'kf', '1', 1, 115, 145, 0, 3, 16, 25, 18, 25, 14, 25, 0, 0, 0, 0, '20h00', '2013-04-25', 0, 0, 0, 0, 1, 0, 0),
(755, 'KH064', 'kf', '1', 1, 122, 150, 2, 3, 17, 25, 25, 19, 25, 17, 20, 25, 6, 15, '20h30', '2013-05-06', 0, 0, 0, 0, 1, 0, 0),
(756, 'KH065', 'kf', '1', 1, 126, 117, 1, 3, 25, 22, 13, 25, 17, 25, 20, 25, 0, 0, '20h00', '2013-05-21', 0, 0, 0, 0, 1, 0, 0),
(757, 'KH066', 'kf', '1', 1, 147, 153, 3, 1, 25, 15, 25, 22, 22, 25, 25, 12, 0, 0, '20h00', '2013-04-30', 0, 0, 0, 0, 1, 0, 0),
(758, 'KH067', 'kf', '1', 1, 143, 123, 3, 0, 25, 13, 25, 18, 25, 21, 0, 0, 0, 0, '20h30', '2013-04-29', 0, 0, 0, 0, 1, 0, 0),
(759, 'KH068', 'kf', '1', 1, 154, 141, 0, 3, 13, 25, 15, 25, 18, 25, 0, 0, 0, 0, '19h30', '2013-04-26', 0, 0, 0, 0, 1, 0, 0),
(760, 'CC107', 'cf', '1', 2, 75, 131, 3, 2, 23, 25, 10, 25, 25, 18, 25, 16, 17, 15, '20h30', '2013-06-06', 0, 0, 0, 0, 1, 0, 0),
(761, 'CC108', 'cf', '1', 2, 102, 2, 3, 0, 25, 15, 25, 19, 25, 21, 0, 0, 0, 0, '20h15', '2013-06-07', 0, 0, 0, 0, 1, 0, 0),
(762, 'CC109', 'cf', '1', 2, 1, 12, 0, 3, 16, 25, 22, 25, 17, 25, 0, 0, 0, 0, '20h30', '2013-06-11', 0, 0, 0, 0, 1, 0, 0),
(764, 'CC110', 'cf', '1', 2, 76, 130, 3, 0, 25, 17, 25, 20, 25, 22, 0, 0, 0, 0, '19h45', '2013-06-13', 0, 0, 0, 0, 1, 0, 0),
(765, 'KH069', 'kf', '1', 2, 151, 145, 0, 3, 8, 25, 10, 25, 16, 25, 0, 0, 0, 0, '20h00', '2013-06-07', 0, 0, 0, 0, 1, 0, 0),
(766, 'KH070', 'kf', '1', 2, 141, 138, 3, 0, 25, 0, 25, 0, 25, 0, 0, 0, 0, 0, '20h30', '2013-06-06', 0, 0, 0, 1, 1, 0, 0),
(770, 'KH071', 'kf', '1', 2, 147, 150, 0, 3, 18, 25, 19, 25, 21, 25, 0, 0, 0, 0, '20h30', '2013-06-05', 0, 0, 0, 0, 1, 0, 0),
(771, 'KH072', 'kf', '1', 2, 143, 117, 3, 0, 25, 22, 25, 18, 25, 23, 0, 0, 0, 0, '20h30', '2013-06-03', 0, 0, 0, 0, 1, 0, 0),
(772, 'CF073', 'f', '2', 9, 82, 157, 0, 0, 0, 0, 0, 0, 0, 0, 0, 0, 0, 0, '20h00', '2013-06-14', 0, 0, 0, 0, 0, 0, 2),
(775, 'CC111', 'cf', '1', 3, 102, 12, 0, 2, 21, 25, 19, 25, 0, 0, 0, 0, 0, 0, '20h30', '2013-06-28', 0, 0, 0, 0, 1, 0, 0),
(776, 'CC112', 'cf', '1', 3, 76, 75, 2, 0, 25, 21, 25, 18, 0, 0, 0, 0, 0, 0, '20h30', '2013-06-28', 0, 0, 0, 0, 1, 0, 0),
(777, 'CC113', 'cf', '1', 4, 76, 12, 1, 2, 21, 25, 25, 21, 16, 18, 0, 0, 0, 0, '21h30', '2013-06-28', 0, 0, 0, 0, 1, 0, 0),
(778, 'KH073', 'kf', '1', 3, 143, 150, 2, 1, 0, 0, 0, 0, 0, 0, 0, 0, 0, 0, '20h30', '2013-06-14', 0, 0, 0, 0, 1, 0, 0),
(779, 'KH074', 'kf', '1', 3, 141, 145, 2, 0, 25, 16, 25, 21, 0, 0, 0, 0, 0, 0, '20h30', '2013-06-14', 0, 0, 0, 0, 1, 0, 0),
(780, 'KH075', 'kf', '1', 4, 141, 143, 2, 1, 25, 19, 18, 25, 15, 13, 0, 0, 0, 0, '21h30', '2013-06-14', 0, 0, 0, 0, 1, 0, 0);

-- --------------------------------------------------------

--
-- Structure de la table `news`
--

CREATE TABLE IF NOT EXISTS `news` (
  `id_news` int(3) NOT NULL AUTO_INCREMENT,
  `date_news` date NOT NULL,
  `texte_news` varchar(500) NOT NULL,
  `titre_news` varchar(50) NOT NULL,
  PRIMARY KEY (`id_news`)
) ENGINE=InnoDB  DEFAULT CHARSET=latin1 AUTO_INCREMENT=47 ;

--
-- Contenu de la table `news`
--

INSERT INTO `news` (`id_news`, `date_news`, `texte_news`, `titre_news`) VALUES
(33, '2011-10-17', 'Voici le classement final du tournoi de sélection de début d\\''année.\r\n\r\n<ul>\r\n<li>1- Côte Bleue VB 1 => Accès Div 3</li>\r\n<li>2- Aix Aéro 1 => Accès Div 4</li>\r\n<li>3- Ensuès Koalas 2 = Div 4</li>\r\n<li>4- Côte Bleue VB 2 => Accès Div 5</li>\r\n<li>5- Velaux COVF = Div 6</li>\r\n<li>6- ECS Marseille 3 => Div 6</li>\r\n<li>7- AMIS => Div 6</li>\r\n</ul>', 'Tournoi de sélection'),
(34, '2011-10-27', 'Les calendriers des matchs de championnats Masculins (Mixtes) et Féminins 4x4 sont maintenant à jour.\r\nVous pouvez aussi retrouver le règlement pour la saison Masculin (Mixte) et Féminin dans la section Docs et Archives, sachant que seul le règlement Masculin (Mixte) a été modifié.', 'Mise en ligne des calendriers'),
(35, '2011-11-02', 'L\\''annuaire est à nouveau disponible.\r\nVous pouvez le consulter à partir du menu Portail Equipes / Annuaire Équipes.', 'Annuaire des équipes à nouveau disponible !'),
(36, '2012-05-23', 'Ajout des matches de 1/4 de finale de Coupe Dept. Isoardi dans le calendrier.', '[Mise à jour] Coupe Dept. Isoardi'),
(37, '2012-05-23', 'La remise des récompenses pour les vainqueurs en championnats féminins et masculins se déroulera lors des phases finales de la Coupe Départementale Isoardi, le Vendredi 22 Juin 2012 ) 19h30 dans le gymnase Croix Rouge de Marseille.\r\n30, Avenue de Fournacle 13013 Marseille.\r\nVous êtes tous conviés à l\\''évènement !', 'Remise des récompenses et phase finale CD Isoardi'),
(38, '2012-06-25', 'Les Finales de Coupes ont été jouées le 15 et 22 juin 2012.\r\nSur la Coupe 4x4 Khoury Hanna\r\nKSociaux remporte le trophée sur une victoire 2/1 face à l\\''ECSM 1.\r\nEurocopter arrive à la 3ème place grâce à une victoire 2/1 contre Inside.\r\n\r\nSur la Coupe 6x6 Isoardi\r\nECSM 1 garde le trophée grâce à une victoire 2/0 face à Marseille Est 1\r\nEurocopter 1 gagne la petite finale 2/0 face à Aix Aéro 1.\r\n\r\nBravo à toutes les équipes étant arrivées jusqu\\''aux demi-finales et félicitations aux vainqueurs.', 'Finales de Coupes'),
(39, '2012-10-23', 'Pour mettre des images sur tout ce qui leur a été dit sur les changemetns de règles au filet, voici un vidéo http://www.ufolep13volley.org/docs/net_rule_modifications.wmv', 'Vidéo sur les règles au filet'),
(40, '2012-11-19', 'Les anciennes adresses ayant été supprimées pour répartir le travail de contrôle des feuilles de matches, voici celles où vous devrez envoyer les scans selon votre division :<\\br>\r\nDiv Fém<\\br>\r\nd1f.4x4@ufolep13volley.org<\\br>\r\nd2f.4x4@ufolep13volley.org<\\br>\r\nDiv Masc<\\br>\r\nd1m.6x6@ufolep13volley.org<\\br>\r\nd2m.6x6@ufolep13volley.org<\\br>\r\nd3m.6x6@ufolep13volley.org<\\br>\r\nd4m.6x6@ufolep13volley.org<\\br>\r\nd5m.6x6@ufolep13volley.org<\\br>\r\nd6m.6x6@ufolep13volley.org<\\br>\r\nd7m.6x6@ufolep13volley.org', 'Où envoyer les feuilles de matchs'),
(41, '2012-11-19', 'Tous les documents concernant la saison 2012-13 sont maintenant à jour (y compris la feuille de match)\r\nVous pouvez les retrouver sur la page http://www.ufolep13volley.org/docs.php', 'Mise à jour des documents CTSD 13'),
(42, '2013-04-03', 'Les matchs de 8ème de finale de la Coupe Isoardi sont maintenant indiqués dans le menu Coupe Isoardi > Phases Finales', 'MàJ Coupe Isoardi'),
(43, '2013-04-13', 'Les matchs de 8ième de finale de la Coupe 4x4 Khoury Hanna ont été mis à  jour.', 'MàJ Coupe Khoury Hanna'),
(44, '2013-05-16', 'Les matchs de 1/4 de finales de Coupe Isoardi et Khoury Hanna ont été insérés. \r\nVous pouvez les retrouver dans leur section respective.', 'MàJ 1/4 de finales de Coupes'),
(45, '2013-05-23', 'Le week-end dernier (18-19 mai) se déroulaient les phases finales de Coupe Nationale.</br>\nDans les Coupes féminines, aucune équipe du Sud n''a réussi à se qualifier.\n</br>Pour les hommes:</br>\n- en Coupe Honneur (sans joueurs FFVB actifs), Marseille Est remporte la médaille d''argent après une défaite 3/2 en finale (16/14 au tie-break)</br>\n- en Coupe Excellence (avec joueurs FFVB actifs), ECS Marseille remporte la Coupe en gagnant en finale 3/1\n</br></br>\nUn grand Bravo aux deux équipes', 'Coupes Nationales'),
(46, '2013-09-11', 'Une page d''aide a été ajoutée.\r\nElle contient tous les éléments indispensables pour bien commencer la saison + tous les éléments utiles à connaitre pour que la saison se continue au mieux.\r\nLa page se trouve à l''adresse http://ufolep13volley.org/infos_utiles/index.html et sera rajoutée prochainement dans le menu.\r\n\r\nBonne lecture.', '[New] Page Utile');

-- --------------------------------------------------------

--
-- Structure de la table `tournoi_f`
--

CREATE TABLE IF NOT EXISTS `tournoi_f` (
  `id_equipe` smallint(3) NOT NULL,
  `points` tinyint(2) NOT NULL,
  `joues` tinyint(2) NOT NULL,
  `t1` varchar(20) NOT NULL,
  `t2` varchar(20) NOT NULL,
  `t3` varchar(20) NOT NULL,
  `t4` varchar(20) NOT NULL,
  `t5` varchar(20) NOT NULL,
  `t6` varchar(20) NOT NULL,
  PRIMARY KEY (`id_equipe`)
) ENGINE=InnoDB DEFAULT CHARSET=latin1;

/*!40101 SET CHARACTER_SET_CLIENT=@OLD_CHARACTER_SET_CLIENT */;
/*!40101 SET CHARACTER_SET_RESULTS=@OLD_CHARACTER_SET_RESULTS */;
/*!40101 SET COLLATION_CONNECTION=@OLD_COLLATION_CONNECTION */;
