<manifest alg="2" build="8" opt="true">
  <folder name="css">
    <file name="site_global.css" crc="4183010264"/>
    <file name="index.css" crc="345543271" ref="index"/>
  </folder>
  <folder name="scripts">
    <file name="jquery-1.8.3.min.js" crc="3828297711" ref="index"/>
    <file name="museutils.js" crc="4215913851" ref="index"/>
    <file name="pie.js" crc="3786417276" ref="index"/>
    <file name="jquery.watch.js" crc="4199601726" ref="index"/>
  </folder>
  <folder name="images">
    <file name="u133-sprite.png" crc="218697164" ref="index"/>
    <file name="mainvolley.jpg" crc="133660490" ref="index"/>
    <file name="ufolep13volley2.jpg" crc="68825046" ref="index"/>
    <file name="jeuavantenjeu.jpg" crc="370448993" ref="index"/>
  </folder>
  <file name="index.html" crc="4188906245" mt="1366706614001"/>
</manifest>